t,steps_j4,steps_j5,steps_j6,deg_j6_cmd,enc_j6_raw,enc_valid
0.0015,0,0,0,0.000,0,0
0.0229,0,0,0,0.000,0,0
0.0431,0,0,0,0.000,0,0
0.0638,0,0,0,0.000,0,0
0.0844,0,0,0,0.000,0,0
0.1049,0,0,0,0.000,0,0
0.1254,0,0,0,0.000,0,0
0.1460,0,0,0,0.000,0,0
0.1698,0,0,0,0.000,0,0
0.1906,0,0,0,0.000,0,0
0.2110,0,0,0,0.000,0,0
0.2315,0,0,0,0.000,0,0
0.2520,0,0,0,0.000,0,0
0.2730,0,0,0,0.000,0,0
0.2932,0,0,0,0.000,0,0
0.3137,0,0,0,0.000,0,0
0.3341,0,0,0,0.000,0,0
0.3547,0,0,0,0.000,0,0
0.3749,0,0,0,0.000,0,0
0.3953,0,0,0,0.000,0,0
0.4158,0,0,0,0.000,0,0
0.4360,0,0,0,0.000,0,0
0.4566,0,0,0,0.000,0,0
0.4814,0,0,0,0.000,0,0
0.5017,0,0,0,0.000,0,0
0.5221,0,0,0,0.000,0,0
0.5423,0,0,0,0.000,0,0
0.5625,0,0,0,0.000,0,0
0.5828,0,0,0,0.000,0,0
0.6032,0,0,0,0.000,0,0
0.6234,0,0,0,0.000,0,0
0.6435,0,0,0,0.000,0,0
0.6644,0,0,0,0.000,0,0
0.6847,0,0,0,0.000,0,0
0.7055,0,0,0,0.000,0,0
0.7258,0,0,0,0.000,0,0
0.7461,0,0,0,0.000,0,0
0.7672,0,0,0,0.000,0,0
0.7882,0,0,0,0.000,0,0
0.8084,0,0,0,0.000,0,0
0.8288,0,0,0,0.000,0,0
0.8490,0,0,0,0.000,0,0
0.8703,0,0,0,0.000,0,0
0.8908,0,0,0,0.000,0,0
0.9116,0,0,0,0.000,0,0
0.9320,0,0,0,0.000,0,0
0.9526,0,0,0,0.000,0,0
0.9734,0,0,0,0.000,0,0
0.9940,0,0,0,0.000,0,0
1.0146,0,0,0,0.000,0,0
1.0354,0,0,0,0.000,0,0
1.0556,0,0,0,0.000,0,0
1.0758,0,0,0,0.000,0,0
1.0960,0,0,0,0.000,0,0
1.1162,0,0,0,0.000,0,0
1.1364,0,0,0,0.000,0,0
1.1567,0,0,0,0.000,0,0
1.1772,0,0,0,0.000,0,0
1.1978,0,0,0,0.000,0,0
1.2181,0,0,0,0.000,0,0
1.2384,0,0,0,0.000,0,0
1.2588,0,0,0,0.000,0,0
1.2796,0,0,0,0.000,0,0
1.2998,0,0,0,0.000,0,0
1.3203,0,0,0,0.000,0,0
1.3420,0,0,0,0.000,0,0
1.3625,0,0,0,0.000,0,0
1.3828,0,0,0,0.000,0,0
1.4032,0,0,0,0.000,0,0
1.4240,0,0,0,0.000,0,0
1.4442,0,0,0,0.000,0,0
1.4648,0,0,0,0.000,0,0
1.4855,0,0,0,0.000,0,0
1.5059,0,0,0,0.000,0,0
1.5264,0,0,0,0.000,0,0
1.5472,0,0,0,0.000,0,0
1.5674,0,0,0,0.000,0,0
1.5878,0,0,0,0.000,0,0
1.6084,0,0,0,0.000,0,0
1.6286,0,0,0,0.000,0,0
1.6495,0,0,0,0.000,0,0
1.6700,0,0,0,0.000,0,0
1.6908,0,0,0,0.000,0,0
1.7111,0,0,0,0.000,0,0
1.7313,0,0,0,0.000,0,0
1.7515,0,0,0,0.000,0,0
1.7718,0,0,0,0.000,0,0
1.7919,0,0,0,0.000,0,0
1.8125,0,0,0,0.000,0,0
1.8330,0,0,0,0.000,0,0
1.8533,0,0,0,0.000,0,0
1.8735,0,0,0,0.000,0,0
1.8950,0,0,0,0.000,0,0
1.9156,0,0,0,0.000,0,0
1.9372,0,0,0,0.000,0,0
1.9578,0,0,0,0.000,0,0
1.9781,0,0,0,0.000,0,0
1.9988,0,0,0,0.000,0,0
2.0191,0,0,0,0.000,0,0
2.0396,0,0,0,0.000,0,0
2.0600,0,0,0,0.000,0,0
2.0807,0,0,0,0.000,0,0
2.1012,0,0,0,0.000,0,0
2.1218,0,0,0,0.000,0,0
2.1419,0,0,0,0.000,0,0
2.1624,0,0,0,0.000,0,0
2.1833,0,0,0,0.000,0,0
2.2104,0,0,0,0.000,0,0
2.2316,0,0,0,0.000,0,0
2.2518,0,0,0,0.000,0,0
2.2724,0,0,0,0.000,0,0
2.2926,0,0,0,0.000,0,0
2.3129,0,0,0,0.000,0,0
2.3331,0,0,0,0.000,0,0
2.3534,0,0,0,0.000,0,0
2.3737,0,0,0,0.000,0,0
2.3940,0,0,0,0.000,0,0
2.4143,0,0,0,0.000,0,0
2.4344,0,0,0,0.000,0,0
2.4569,0,0,0,0.000,0,0
2.4780,0,0,0,0.000,0,0
2.4995,0,0,0,0.000,0,0
2.5201,0,0,0,0.000,0,0
2.5405,0,0,0,0.000,0,0
2.5611,0,0,0,0.000,0,0
2.5814,0,0,0,0.000,0,0
2.6017,0,0,0,0.000,0,0
2.6219,0,0,0,0.000,0,0
2.6438,0,0,0,0.000,0,0
2.6651,0,0,0,0.000,0,0
2.6860,0,0,0,0.000,0,0
2.7067,0,0,0,0.000,0,0
2.7271,0,0,0,0.000,0,0
2.7477,0,0,0,0.000,0,0
2.7690,0,0,0,0.000,0,0
2.7903,0,0,0,0.000,0,0
2.8123,0,0,0,0.000,0,0
2.8328,0,0,0,0.000,0,0
2.8549,0,0,0,0.000,0,0
2.8753,0,0,0,0.000,0,0
2.8960,0,0,0,0.000,0,0
2.9166,0,0,0,0.000,0,0
2.9369,0,0,0,0.000,0,0
2.9573,0,0,0,0.000,0,0
2.9796,0,0,0,0.000,0,0
3.0004,0,0,0,0.000,0,0
3.0211,0,0,0,0.000,0,0
3.0495,0,0,0,0.000,0,0
3.0830,0,0,0,0.000,0,0
3.1137,0,0,0,0.000,0,0
3.1418,0,0,0,0.000,0,0
3.1644,0,0,0,0.000,0,0
3.1996,0,0,0,0.000,0,0
3.2304,0,0,0,0.000,0,0
3.2570,0,0,0,0.000,0,0
3.2796,0,0,0,0.000,0,0
3.3003,0,0,0,0.000,0,0
3.3236,0,0,0,0.000,0,0
3.3462,0,0,0,0.000,0,0
3.3716,0,0,0,0.000,0,0
3.3964,0,0,0,0.000,0,0
3.4210,0,0,0,0.000,0,0
3.4423,0,0,0,0.000,0,0
3.4659,0,0,0,0.000,0,0
3.4862,0,0,0,0.000,0,0
3.5134,0,0,0,0.000,0,0
3.5339,0,0,0,0.000,0,0
3.5545,0,0,0,0.000,0,0
3.5752,0,0,0,0.000,0,0
3.5957,0,0,0,0.000,0,0
3.6164,0,0,0,0.000,0,0
3.6369,0,0,0,0.000,0,0
3.6573,0,0,0,0.000,0,0
3.6776,0,0,0,0.000,0,0
3.6989,0,0,0,0.000,0,0
3.7191,0,0,0,0.000,0,0
3.7404,0,0,0,0.000,0,0
3.7620,0,0,0,0.000,0,0
3.7830,0,0,0,0.000,0,0
3.8037,0,0,0,0.000,0,0
3.8244,0,0,0,0.000,0,0
3.8480,0,0,0,0.000,0,0
3.8708,0,0,0,0.000,0,0
3.8922,0,0,0,0.000,0,0
3.9129,0,0,0,0.000,0,0
3.9332,0,0,0,0.000,0,0
3.9536,0,0,0,0.000,0,0
3.9740,0,0,0,0.000,0,0
3.9955,0,0,0,0.000,0,0
4.0158,0,0,0,0.000,0,0
4.0363,0,0,0,0.000,0,0
4.0568,0,0,0,0.000,0,0
4.0772,0,0,0,0.000,0,0
4.0977,0,0,0,0.000,0,0
4.1182,0,0,0,0.000,0,0
4.1389,0,0,0,0.000,0,0
4.1626,0,0,0,0.000,0,0
4.1838,0,0,0,0.000,0,0
4.2043,0,0,0,0.000,0,0
4.2245,0,0,0,0.000,0,0
4.2452,0,0,0,0.000,0,0
4.2656,0,0,0,0.000,0,0
4.2860,0,0,0,0.000,0,0
4.3068,0,0,0,0.000,0,0
4.3279,0,0,0,0.000,0,0
4.3487,0,0,0,0.000,0,0
4.3692,0,0,0,0.000,0,0
4.3901,0,0,0,0.000,0,0
4.4117,0,0,0,0.000,0,0
4.4327,0,0,0,0.000,0,0
4.4529,0,0,0,0.000,0,0
4.4736,0,0,0,0.000,0,0
4.4939,0,0,0,0.000,0,0
4.5144,0,0,0,0.000,0,0
4.5346,0,0,0,0.000,0,0
4.5555,0,0,0,0.000,0,0
4.5759,0,0,0,0.000,0,0
4.5964,0,0,0,0.000,0,0
4.6168,0,0,0,0.000,0,0
4.6372,0,0,0,0.000,0,0
4.6576,0,0,0,0.000,0,0
4.6779,0,0,0,0.000,0,0
4.6983,0,0,0,0.000,0,0
4.7193,0,0,0,0.000,0,0
4.7404,0,0,0,0.000,0,0
4.7607,0,0,0,0.000,0,0
4.7817,0,0,0,0.000,0,0
4.8024,0,0,0,0.000,0,0
4.8229,0,0,0,0.000,0,0
4.8430,0,0,0,0.000,0,0
4.8637,0,0,0,0.000,0,0
4.8842,0,0,0,0.000,0,0
4.9043,0,0,0,0.000,0,0
4.9246,0,0,0,0.000,0,0
4.9452,0,0,0,0.000,0,0
4.9658,0,0,0,0.000,0,0
4.9859,0,0,0,0.000,0,0
5.0066,0,0,0,0.000,0,0
5.0271,0,0,0,0.000,0,0
5.0477,0,0,0,0.000,0,0
5.0682,0,0,0,0.000,0,0
5.0885,0,0,0,0.000,0,0
5.1090,0,0,0,0.000,0,0
5.1292,0,0,0,0.000,0,0
5.1493,0,0,0,0.000,0,0
5.1694,0,0,0,0.000,0,0
5.1902,0,0,0,0.000,0,0
5.2107,0,0,0,0.000,0,0
5.2313,0,0,0,0.000,0,0
5.2515,0,0,0,0.000,0,0
5.2717,0,0,0,0.000,0,0
5.2922,0,0,0,0.000,0,0
5.3128,0,0,0,0.000,0,0
5.3333,0,0,0,0.000,0,0
5.3541,0,0,0,0.000,0,0
5.3746,0,0,0,0.000,0,0
5.3952,0,0,0,0.000,0,0
5.4155,0,0,0,0.000,0,0
5.4360,0,0,0,0.000,0,0
5.4567,0,0,0,0.000,0,0
5.4770,0,0,0,0.000,0,0
5.4975,0,0,0,0.000,0,0
5.5181,0,0,0,0.000,0,0
5.5386,0,0,0,0.000,0,0
5.5591,0,0,0,0.000,0,0
5.5794,0,0,0,0.000,0,0
5.5998,0,0,0,0.000,0,0
5.6203,0,0,0,0.000,0,0
5.6405,0,0,0,0.000,0,0
5.6607,0,0,0,0.000,0,0
5.6811,0,0,0,0.000,0,0
5.7017,0,0,0,0.000,0,0
5.7220,0,0,0,0.000,0,0
5.7423,0,0,0,0.000,0,0
5.7625,0,0,0,0.000,0,0
5.7828,0,0,0,0.000,0,0
5.8032,0,0,0,0.000,0,0
5.8234,0,0,0,0.000,0,0
5.8437,0,0,0,0.000,0,0
5.8640,0,0,0,0.000,0,0
5.8878,0,0,0,0.000,0,0
5.9104,0,0,0,0.000,0,0
5.9319,0,0,0,0.000,0,0
5.9567,0,0,0,0.000,0,0
5.9795,0,0,0,0.000,0,0
6.0034,0,0,0,0.000,0,0
6.0295,0,0,0,0.000,0,0
6.0536,0,0,0,0.000,0,0
6.0751,0,0,0,0.000,0,0
6.0958,0,0,0,0.000,0,0
6.1160,0,0,0,0.000,0,0
6.1382,0,0,0,0.000,0,0
6.1613,0,0,0,0.000,0,0
6.1836,0,0,0,0.000,0,0
6.2130,0,0,0,0.000,0,0
6.3652,0,0,0,0.000,0,0
6.3948,0,0,0,0.000,0,0
6.4234,0,0,0,0.000,0,0
6.4468,0,0,0,0.000,0,1
6.4786,0,0,0,0.000,0,1
6.5149,0,0,0,0.000,0,1
6.5369,0,0,0,0.000,0,1
6.5659,0,0,0,0.000,0,1
6.5997,0,0,0,0.000,0,1
6.6232,0,0,0,0.000,0,1
6.6474,0,0,0,0.000,0,1
6.6785,0,0,0,0.000,0,1
6.7132,0,0,0,0.000,0,1
6.7464,0,0,0,0.000,0,1
6.7804,0,0,0,0.000,0,1
6.8389,0,0,0,0.000,0,1
6.8791,0,0,0,0.000,0,1
6.9321,0,0,0,0.000,0,1
6.9658,0,0,0,0.000,0,1
6.9896,0,0,0,0.000,0,1
7.0167,0,0,0,0.000,0,1
7.0449,0,0,0,0.000,0,1
7.0935,0,0,0,0.000,0,1
7.1166,0,0,0,0.000,0,1
7.1370,0,0,0,0.000,0,1
7.1576,0,0,0,0.000,0,1
7.1781,0,0,0,0.000,0,1
7.2046,0,0,0,0.000,0,1
7.2304,0,0,0,0.000,0,1
7.2544,0,0,0,0.000,0,1
7.2756,0,0,0,0.000,0,1
7.2960,0,0,0,0.000,0,1
7.3163,0,0,0,0.000,0,1
7.3367,0,0,0,0.000,0,1
7.3575,0,0,0,0.000,0,1
7.3792,0,0,0,0.000,0,1
7.3999,0,0,0,0.000,0,1
7.4214,0,0,0,0.000,0,1
7.4418,0,0,0,0.000,0,1
7.4624,0,0,0,0.000,0,1
7.4830,0,0,0,0.000,0,1
7.5033,0,0,0,0.000,0,1
7.5239,0,0,0,0.000,0,1
7.5454,0,0,0,0.000,0,1
7.5662,0,0,0,0.000,0,1
7.5865,0,0,0,0.000,0,1
7.6068,0,0,0,0.000,0,1
7.6279,0,0,0,0.000,0,1
7.6482,0,0,0,0.000,0,1
7.6686,0,0,0,0.000,0,1
7.6890,0,0,0,0.000,0,1
7.7093,0,0,0,0.000,0,1
7.7300,0,0,0,0.000,0,1
7.7501,0,0,0,0.000,0,1
7.7725,0,0,0,0.000,0,1
7.7980,0,0,0,0.000,0,1
7.8231,0,0,0,0.000,0,1
7.8443,0,0,0,0.000,0,1
7.8706,0,0,0,0.000,0,1
7.8924,0,0,0,0.000,0,1
7.9138,0,0,0,0.000,0,1
7.9350,0,0,0,0.000,0,1
7.9576,0,0,0,0.000,0,1
7.9788,0,0,0,0.000,0,1
7.9995,0,0,0,0.000,0,1
8.0206,0,0,0,0.000,0,1
8.0413,0,0,0,0.000,0,1
8.0615,0,0,0,0.000,0,1
8.0828,0,0,0,0.000,0,1
8.1043,0,0,0,0.000,0,1
8.1254,0,0,0,0.000,0,1
8.1458,0,0,0,0.000,0,1
8.1680,0,0,0,0.000,0,1
8.1894,0,0,0,0.000,0,1
8.2131,0,0,0,0.000,0,1
8.2422,0,0,0,0.000,0,1
8.2717,0,0,0,0.000,0,1
8.2992,0,0,0,0.000,0,1
8.3232,0,0,0,0.000,0,1
8.3467,0,0,0,0.000,0,1
8.3673,0,0,0,0.000,0,1
8.3883,0,0,0,0.000,0,1
8.4089,0,0,0,0.000,0,1
8.4315,0,0,0,0.000,0,1
8.4519,0,0,0,0.000,0,1
8.4727,0,0,0,0.000,0,1
8.4930,0,0,0,0.000,0,1
8.5132,0,0,0,0.000,0,1
8.5335,0,0,0,0.000,0,1
8.5542,0,0,0,0.000,0,1
8.5753,0,0,0,0.000,0,1
8.5956,0,0,0,0.000,0,1
8.6214,0,0,0,0.000,0,1
8.6459,0,0,0,0.000,0,1
8.6662,0,0,0,0.000,0,1
8.6893,0,0,0,0.000,0,1
8.7137,0,0,0,0.000,0,1
8.7474,0,0,0,0.000,0,1
8.7820,0,0,0,0.000,0,1
8.8047,0,0,0,0.000,0,1
8.8255,0,0,0,0.000,0,1
8.8458,0,0,0,0.000,0,1
8.8666,0,0,0,0.000,0,1
8.8884,0,0,0,0.000,0,1
8.9093,0,0,0,0.000,0,1
8.9295,0,0,0,0.000,0,1
8.9499,0,0,0,0.000,0,1
8.9727,0,0,0,0.000,0,1
8.9935,0,0,0,0.000,0,1
9.0139,0,0,0,0.000,0,1
9.0343,0,0,0,0.000,0,1
9.0548,0,0,0,0.000,0,1
9.0753,0,0,0,0.000,0,1
9.0956,0,0,0,0.000,0,1
9.1161,0,0,0,0.000,0,1
9.1391,0,0,0,0.000,0,1
9.1604,0,0,0,0.000,0,1
9.1810,0,0,0,0.000,0,1
9.2016,0,0,0,0.000,0,1
9.2218,0,0,0,0.000,0,1
9.2432,0,0,0,0.000,0,1
9.2641,0,0,0,0.000,0,1
9.2908,0,0,0,0.000,0,1
9.3127,0,0,0,0.000,0,1
9.3330,0,0,0,0.000,0,1
9.3599,0,0,0,0.000,0,1
9.3804,0,0,0,0.000,0,1
9.4014,0,0,0,0.000,0,1
9.4222,0,0,0,0.000,0,1
9.4426,0,0,0,0.000,0,1
9.4632,0,0,0,0.000,0,1
9.4839,0,0,0,0.000,0,1
9.5043,0,0,0,0.000,0,1
9.5251,0,0,0,0.000,0,1
9.5453,0,0,0,0.000,0,1
9.5658,0,0,0,0.000,0,1
9.5878,0,0,0,0.000,0,1
9.6084,0,0,0,0.000,0,1
9.6289,0,0,0,0.000,0,1
9.6502,0,0,0,0.000,0,1
9.6749,0,0,0,0.000,0,1
9.6959,0,0,0,0.000,0,1
9.7163,0,0,0,0.000,0,1
9.7366,0,0,0,0.000,0,1
9.7572,0,0,0,0.000,0,1
9.7787,0,0,0,0.000,0,1
9.7993,0,0,0,0.000,0,1
9.8195,0,0,0,0.000,0,1
9.8456,0,0,0,0.000,0,1
9.8668,0,0,0,0.000,0,1
9.8912,0,0,0,0.000,0,1
9.9128,0,0,0,0.000,0,1
9.9334,0,0,0,0.000,0,1
9.9549,0,0,0,0.000,0,1
9.9752,0,0,0,0.000,0,1
9.9954,0,0,0,0.000,0,1
10.0160,0,0,0,0.000,0,1
10.0367,0,0,0,0.000,0,1
10.0572,0,0,0,0.000,0,1
10.0777,0,0,0,0.000,0,1
10.0986,0,0,0,0.000,0,1
10.1223,0,0,0,0.000,0,1
10.1473,0,0,0,0.000,0,1
10.1677,0,0,0,0.000,0,1
10.1883,0,0,0,0.000,0,1
10.2087,0,0,0,0.000,0,1
10.2295,0,0,0,0.000,0,1
10.2498,0,0,0,0.000,0,1
10.2713,0,0,0,0.000,0,1
10.2927,0,0,0,0.000,0,1
10.3130,0,0,0,0.000,0,1
10.3333,0,0,0,0.000,0,1
10.3536,0,0,0,0.000,0,1
10.3743,0,0,0,0.000,0,1
10.3948,0,0,0,0.000,0,1
10.4157,0,0,0,0.000,0,1
10.4388,0,0,0,0.000,0,1
10.4590,0,0,0,0.000,0,1
10.4806,0,0,0,0.000,0,1
10.5061,0,0,0,0.000,0,1
10.5270,0,0,0,0.000,0,1
10.5474,0,0,0,0.000,0,1
10.5676,0,0,0,0.000,0,1
10.5880,0,0,0,0.000,0,1
10.6087,0,0,0,0.000,0,1
10.6290,0,0,0,0.000,0,1
10.6497,0,0,0,0.000,0,1
10.6708,0,0,0,0.000,0,1
10.6912,0,0,0,0.000,0,1
10.7115,0,0,0,0.000,0,1
10.7318,0,0,0,0.000,0,1
10.7523,0,0,0,0.000,0,1
10.7728,0,0,0,0.000,0,1
10.7934,0,0,0,0.000,0,1
10.8145,0,0,0,0.000,0,1
10.8351,0,0,0,0.000,0,1
10.8555,0,0,0,0.000,0,1
10.8758,0,0,0,0.000,0,1
10.8963,0,0,0,0.000,0,1
10.9166,0,0,0,0.000,0,1
10.9370,0,0,0,0.000,0,1
10.9577,0,0,0,0.000,0,1
10.9782,0,0,0,0.000,0,1
10.9989,0,0,0,0.000,0,1
11.0202,0,0,0,0.000,0,1
11.0412,0,0,0,0.000,0,1
11.0617,0,0,0,0.000,0,1
11.0819,0,0,0,0.000,0,1
11.1023,0,0,0,0.000,0,1
11.1230,0,0,0,0.000,0,1
11.1438,0,0,0,0.000,0,1
11.1642,0,0,0,0.000,0,1
11.1844,0,0,0,0.000,0,1
11.2046,0,0,0,0.000,0,1
11.2250,0,0,0,0.000,0,1
11.2456,0,0,0,0.000,0,1
11.2660,0,0,0,0.000,0,1
11.2864,0,0,0,0.000,0,1
11.3077,0,0,0,0.000,0,1
11.3280,0,0,0,0.000,0,1
11.3483,0,0,0,0.000,0,1
11.3721,0,0,0,0.000,0,1
11.3935,0,0,0,0.000,0,1
11.4139,0,0,0,0.000,0,1
11.4345,0,0,0,0.000,0,1
11.4551,0,0,0,0.000,0,1
11.4754,0,0,0,0.000,0,1
11.4958,0,0,0,0.000,0,1
11.5165,0,0,0,0.000,0,1
11.5369,0,0,0,0.000,0,1
11.5571,0,0,0,0.000,0,1
11.5773,0,0,0,0.000,0,1
11.5974,0,0,0,0.000,0,1
11.6177,0,0,0,0.000,0,1
11.6380,0,0,0,0.000,0,1
11.6583,0,0,0,0.000,0,1
11.6788,0,0,0,0.000,0,1
11.6992,0,0,0,0.000,0,1
11.7197,0,0,0,0.000,0,1
11.7400,0,0,0,0.000,0,1
11.7606,0,0,0,0.000,0,1
11.7811,0,0,0,0.000,0,1
11.8013,0,0,0,0.000,0,1
11.8217,0,0,0,0.000,0,1
11.8420,0,0,0,0.000,0,1
11.8623,0,0,0,0.000,0,1
11.8825,0,0,0,0.000,0,1
11.9030,0,0,0,0.000,0,1
11.9237,0,0,0,0.000,0,1
11.9443,0,0,0,0.000,0,1
11.9649,0,0,0,0.000,0,1
11.9854,0,0,0,0.000,0,1
12.0056,0,0,0,0.000,0,1
12.0265,0,0,0,0.000,0,1
12.0470,0,0,0,0.000,0,1
12.0672,0,0,0,0.000,0,1
12.0876,0,0,0,0.000,0,1
12.1080,0,0,0,0.000,0,1
12.1285,0,0,0,0.000,0,1
12.1486,0,0,0,0.000,0,1
12.1690,0,0,0,0.000,0,1
12.1897,0,0,0,0.000,0,1
12.2100,0,0,0,0.000,0,1
12.2302,0,0,0,0.000,0,1
12.2504,0,0,0,0.000,0,1
12.2706,0,0,0,0.000,0,1
12.2910,0,0,0,0.000,0,1
12.3111,0,0,0,0.000,0,1
12.3313,0,0,0,0.000,0,1
12.3518,0,0,0,0.000,0,1
12.3725,0,0,0,0.000,0,1
12.3928,0,0,0,0.000,0,1
12.4132,0,0,0,0.000,0,1
12.4336,0,0,0,0.000,0,1
12.4546,0,0,0,0.000,0,1
12.4750,0,0,0,0.000,0,1
12.4954,0,0,0,0.000,0,1
12.5156,0,0,0,0.000,0,1
12.5358,0,0,0,0.000,0,1
12.5563,0,0,0,0.000,0,1
12.5796,0,0,0,0.000,0,1
12.6084,0,0,0,0.000,0,1
12.6295,0,0,0,0.000,0,1
12.6637,0,0,0,0.000,0,1
12.6877,0,0,0,0.000,0,1
12.7207,0,0,0,0.000,0,1
12.7479,0,0,0,0.000,0,1
12.7718,0,0,0,0.000,0,1
12.7944,0,0,0,0.000,0,1
12.8161,0,0,0,0.000,0,1
12.8386,0,0,0,0.000,0,1
12.8649,0,0,0,0.000,0,1
12.8903,0,0,0,0.000,0,1
12.9150,0,0,0,0.000,0,1
12.9382,0,0,0,0.000,0,1
12.9584,0,0,0,0.000,0,1
12.9842,0,0,0,0.000,0,1
13.0052,0,0,0,0.000,0,1
13.0266,0,0,0,0.000,0,1
13.0510,0,0,0,0.000,0,1
13.0729,0,0,0,0.000,0,1
13.0970,0,0,0,0.000,0,1
13.1239,0,0,0,0.000,0,1
13.1474,0,0,0,0.000,0,1
13.1684,0,0,0,0.000,0,1
13.1956,0,0,0,0.000,0,1
13.2167,0,0,0,0.000,0,1
13.2385,0,0,0,0.000,0,1
13.2589,0,0,0,0.000,0,1
13.2811,0,0,0,0.000,0,1
13.3014,0,0,0,0.000,0,1
13.3241,0,0,0,0.000,0,1
13.3445,0,0,0,0.000,0,1
13.3655,0,0,0,0.000,0,1
13.3873,0,0,0,0.000,0,1
13.4082,0,0,0,0.000,0,1
13.4309,0,0,0,0.000,0,1
13.4520,0,0,0,0.000,0,1
13.4725,0,0,0,0.000,0,1
13.4930,0,0,0,0.000,0,1
13.5135,0,0,0,0.000,0,1
13.5336,0,0,0,0.000,0,1
13.5542,0,0,0,0.000,0,1
13.5751,0,0,0,0.000,0,1
13.5954,0,0,0,0.000,0,1
13.6161,0,0,0,0.000,0,1
13.6364,0,0,0,0.000,0,1
13.6567,0,0,0,0.000,0,1
13.6776,0,0,0,0.000,0,1
13.6989,0,0,0,0.000,0,1
13.7293,0,0,0,0.000,0,1
13.7550,0,0,0,0.000,0,1
13.7756,0,0,0,0.000,0,1
13.7979,0,0,0,0.000,0,1
13.8184,0,0,0,0.000,0,1
13.8392,0,0,0,0.000,0,1
13.8671,0,0,0,0.000,0,1
13.8877,0,0,0,0.000,0,1
13.9088,0,0,0,0.000,0,1
13.9291,0,0,0,0.000,0,1
13.9497,0,0,0,0.000,0,1
13.9701,0,0,0,0.000,0,1
13.9910,0,0,0,0.000,0,1
14.0116,0,0,0,0.000,0,1
14.0319,0,0,0,0.000,0,1
14.0522,0,0,0,0.000,0,1
14.0723,0,0,0,0.000,0,1
14.0925,0,0,0,0.000,0,1
14.1150,0,0,0,0.000,0,1
14.1359,0,0,0,0.000,0,1
14.1579,0,0,0,0.000,0,1
14.1789,0,0,0,0.000,0,1
14.2006,0,0,0,0.000,0,1
14.2218,0,0,0,0.000,0,1
14.2421,0,0,0,0.000,0,1
14.2670,0,0,0,0.000,0,1
14.2892,0,0,0,0.000,0,1
14.3099,0,0,0,0.000,0,1
14.3307,0,0,0,0.000,0,1
14.3518,0,0,0,0.000,0,1
14.3727,0,0,0,0.000,0,1
14.3932,0,0,0,0.000,0,1
14.4137,0,0,0,0.000,0,1
14.4344,0,0,0,0.000,0,1
14.4551,0,0,0,0.000,0,1
14.4754,0,0,0,0.000,0,1
14.4956,0,0,0,0.000,0,1
14.5163,0,0,0,0.000,0,1
14.5366,0,0,0,0.000,0,1
14.5569,0,0,0,0.000,0,1
14.5771,0,0,0,0.000,0,1
14.5974,0,0,0,0.000,0,1
14.6183,0,0,0,0.000,0,1
14.6387,0,0,0,0.000,0,1
14.6597,0,0,0,0.000,0,1
14.6807,0,0,0,0.000,0,1
14.7012,0,0,0,0.000,0,1
14.7217,0,0,0,0.000,0,1
14.7421,0,0,0,0.000,0,1
14.7632,0,0,0,0.000,0,1
14.7835,0,0,0,0.000,0,1
14.8038,0,0,0,0.000,0,1
14.8249,0,0,0,0.000,0,1
14.8463,0,0,0,0.000,0,1
14.8678,0,0,0,0.000,0,1
14.8889,0,0,0,0.000,0,1
14.9095,0,0,0,0.000,0,1
14.9301,0,0,0,0.000,0,1
14.9505,0,0,0,0.000,0,1
14.9707,0,0,0,0.000,0,1
14.9910,0,0,0,0.000,0,1
15.0113,0,0,0,0.000,0,1
15.0314,0,0,0,0.000,0,1
15.0518,0,0,0,0.000,0,1
15.0721,0,0,0,0.000,0,1
15.0922,0,0,0,0.000,0,1
15.1141,0,0,0,0.000,0,1
15.1362,0,0,0,0.000,0,1
15.1571,0,0,0,0.000,0,1
15.1775,0,0,0,0.000,0,1
15.1980,0,0,0,0.000,0,1
15.2218,0,0,0,0.000,0,1
15.2492,0,0,0,0.000,0,1
15.2753,0,0,0,0.000,0,1
15.2986,0,0,0,0.000,0,1
15.3190,0,0,0,0.000,0,1
15.3397,0,0,0,0.000,0,1
15.3610,0,0,0,0.000,0,1
15.3813,0,0,0,0.000,0,1
15.4020,0,0,0,0.000,0,1
15.4225,0,0,0,0.000,0,1
15.4427,0,0,0,0.000,0,1
15.4630,0,0,0,0.000,0,1
15.4841,0,0,0,0.000,0,1
15.5076,0,0,0,0.000,0,1
15.5278,0,0,0,0.000,0,1
15.5481,0,0,0,0.000,0,1
15.5685,0,0,0,0.000,0,1
15.5893,0,0,0,0.000,0,1
15.6096,0,0,0,0.000,0,1
15.6298,0,0,0,0.000,0,1
15.6503,0,0,0,0.000,0,1
15.6706,0,0,0,0.000,0,1
15.6913,0,0,0,0.000,0,1
15.7115,0,0,0,0.000,0,1
15.7325,0,0,0,0.000,0,1
15.7554,0,0,0,0.000,0,1
15.7776,0,0,0,0.000,0,1
15.8264,0,0,0,0.000,0,1
15.8805,0,0,0,0.000,0,1
15.9094,0,0,0,0.000,0,1
15.9298,0,0,0,0.000,0,1
15.9561,0,0,0,0.000,0,1
15.9767,0,0,0,0.000,0,1
15.9977,0,0,0,0.000,0,1
16.0183,0,0,0,0.000,0,1
16.0387,0,0,0,0.000,0,1
16.0591,0,0,0,0.000,0,1
16.0796,0,0,0,0.000,0,1
16.1007,0,0,0,0.000,0,1
16.1224,0,0,0,0.000,0,1
16.1432,0,0,0,0.000,0,1
16.1634,0,0,0,0.000,0,1
16.1840,0,0,0,0.000,0,1
16.2051,0,0,0,0.000,0,1
16.2260,0,0,0,0.000,0,1
16.2464,0,0,0,0.000,0,1
16.2671,0,0,0,0.000,0,1
16.2877,0,0,0,0.000,0,1
16.3085,0,0,0,0.000,0,1
16.3287,0,0,0,0.000,0,1
16.3492,0,0,0,0.000,0,1
16.3697,0,0,0,0.000,0,1
16.3903,0,0,0,0.000,0,1
16.4108,0,0,0,0.000,0,1
16.4368,0,0,0,0.000,0,1
16.4602,0,0,0,0.000,0,1
16.4809,0,0,0,0.000,0,1
16.5094,0,0,0,0.000,0,1
16.5307,0,0,0,0.000,0,1
16.5513,0,0,0,0.000,0,1
16.5723,0,0,0,0.000,0,1
16.5926,0,0,0,0.000,0,1
16.6132,0,0,0,0.000,0,1
16.6337,0,0,0,0.000,0,1
16.6540,0,0,0,0.000,0,1
16.6747,0,0,0,0.000,0,1
16.6952,0,0,0,0.000,0,1
16.7160,0,0,0,0.000,0,1
16.7428,0,0,0,0.000,0,1
16.7645,0,0,0,0.000,0,1
16.7857,0,0,0,0.000,0,1
16.8062,0,0,0,0.000,0,1
16.8270,0,0,0,0.000,0,1
16.8476,0,0,0,0.000,0,1
16.8679,0,0,0,0.000,0,1
16.8882,0,0,0,0.000,0,1
16.9092,0,0,0,0.000,0,1
16.9296,0,0,0,0.000,0,1
16.9501,0,0,0,0.000,0,1
16.9713,0,0,0,0.000,0,1
16.9927,0,0,0,0.000,0,1
17.0143,0,0,0,0.000,0,1
17.0345,0,0,0,0.000,0,1
17.0548,0,0,0,0.000,0,1
17.0769,0,0,0,0.000,0,1
17.0973,0,0,0,0.000,0,1
17.1174,0,0,0,0.000,0,1
17.1412,0,0,0,0.000,0,1
17.1639,0,0,0,0.000,0,1
17.1843,0,0,0,0.000,0,1
17.2045,0,0,0,0.000,0,1
17.2249,0,0,0,0.000,0,1
17.2455,0,0,0,0.000,0,1
17.2660,0,0,0,0.000,0,1
17.2862,0,0,0,0.000,0,1
17.3066,0,0,0,0.000,0,1
17.3273,0,0,0,0.000,0,1
17.3475,0,0,0,0.000,0,1
17.3678,0,0,0,0.000,0,1
17.3882,0,0,0,0.000,0,1
17.4091,0,0,0,0.000,0,1
17.4297,0,0,0,0.000,0,1
17.4500,0,0,0,0.000,0,1
17.4727,0,0,0,0.000,0,1
17.4934,0,0,0,0.000,0,1
17.5138,0,0,0,0.000,0,1
17.5341,0,0,0,0.000,0,1
17.5550,0,0,0,0.000,0,1
17.5759,0,0,0,0.000,0,1
17.5965,0,0,0,0.000,0,1
17.6176,0,0,0,0.000,0,1
17.6380,0,0,0,0.000,0,1
17.6589,0,0,0,0.000,0,1
17.6793,0,0,0,0.000,0,1
17.6999,0,0,0,0.000,0,1
17.7219,0,0,0,0.000,0,1
17.7430,0,0,0,0.000,0,1
17.7641,0,0,0,0.000,0,1
17.7856,0,0,0,0.000,0,1
17.8064,0,0,0,0.000,0,1
17.8336,0,0,0,0.000,0,1
17.8542,0,0,0,0.000,0,1
17.8770,0,0,0,0.000,0,1
17.8987,0,0,0,0.000,0,1
17.9197,0,0,0,0.000,0,1
17.9399,0,0,0,0.000,0,1
17.9604,0,0,0,0.000,0,1
17.9813,0,0,0,0.000,0,1
18.0015,0,0,0,0.000,0,1
18.0219,0,0,0,0.000,0,1
18.0427,0,0,0,0.000,0,1
18.0642,0,0,0,0.000,0,1
18.0862,0,0,0,0.000,0,1
18.1085,0,0,0,0.000,0,1
18.1316,0,0,0,0.000,0,1
18.1589,0,0,0,0.000,0,1
18.1795,0,0,0,0.000,0,1
18.2004,0,0,0,0.000,0,1
18.2211,0,0,0,0.000,0,1
18.2417,0,0,0,0.000,0,1
18.2637,0,0,0,0.000,0,1
18.2844,0,0,0,0.000,0,1
18.3046,0,0,0,0.000,0,1
18.3248,0,0,0,0.000,0,1
18.3468,0,0,0,0.000,0,1
18.3696,0,0,0,0.000,0,1
18.3908,0,0,0,0.000,0,1
18.4110,0,0,0,0.000,0,1
18.4321,0,0,0,0.000,0,1
18.4530,0,0,0,0.000,0,1
18.4734,0,0,0,0.000,0,1
18.4969,0,0,0,0.000,0,1
18.5176,0,0,0,0.000,0,1
18.5380,0,0,0,0.000,0,1
18.5634,0,0,0,0.000,0,1
18.5841,0,0,0,0.000,0,1
18.6054,0,0,0,0.000,0,1
18.6264,0,0,0,0.000,0,1
18.6479,0,0,0,0.000,0,1
18.6684,0,0,0,0.000,0,1
18.6886,0,0,0,0.000,0,1
18.7095,0,0,0,0.000,0,1
18.7305,0,0,0,0.000,0,1
18.7516,0,0,0,0.000,0,1
18.7720,0,0,0,0.000,0,1
18.7929,0,0,0,0.000,0,1
18.8132,0,0,0,0.000,0,1
18.8335,0,0,0,0.000,0,1
18.8539,0,0,0,0.000,0,1
18.8744,0,0,0,0.000,0,1
18.8947,0,0,0,0.000,0,1
18.9151,0,0,0,0.000,0,1
18.9356,0,0,0,0.000,0,1
18.9560,0,0,0,0.000,0,1
18.9773,0,0,0,0.000,0,1
18.9986,0,0,0,0.000,0,1
19.0191,0,0,0,0.000,0,1
19.0397,0,0,0,0.000,0,1
19.0599,0,0,0,0.000,0,1
19.0801,0,0,0,0.000,0,1
19.1007,0,0,0,0.000,0,1
19.1211,0,0,0,0.000,0,1
19.1936,0,0,0,0.000,0,1
19.2143,0,0,0,0.000,0,1
19.2348,0,0,0,0.000,0,1
19.2551,0,0,0,0.000,0,1
19.2760,0,0,0,0.000,0,1
19.2980,0,0,0,0.000,0,1
19.3184,0,0,0,0.000,0,1
19.3413,0,0,0,0.000,0,1
19.3755,0,0,0,0.000,0,1
19.3985,0,0,0,0.000,0,1
19.4227,0,0,0,0.000,0,1
19.4447,0,0,0,0.000,0,1
19.4651,0,0,0,0.000,0,1
19.4861,0,0,0,0.000,0,1
19.5094,0,0,0,0.000,0,1
19.5331,0,0,0,0.000,0,1
19.5564,0,0,0,0.000,0,1
19.5776,0,0,0,0.000,0,1
19.5980,0,0,0,0.000,0,1
19.6183,0,0,0,0.000,0,1
19.6389,0,0,0,0.000,0,1
19.6594,0,0,0,0.000,0,1
19.6821,0,0,0,0.000,0,1
19.7036,0,0,0,0.000,0,1
19.7243,0,0,0,0.000,0,1
19.7446,0,0,0,0.000,0,1
19.7653,0,0,0,0.000,0,1
19.7857,0,0,0,0.000,0,1
19.8063,0,0,0,0.000,0,1
19.8270,0,0,0,0.000,0,1
19.8475,0,0,0,0.000,0,1
19.8679,0,0,0,0.000,0,1
19.8887,0,0,0,0.000,0,1
19.9097,0,0,0,0.000,0,1
19.9301,0,0,0,0.000,0,1
19.9505,0,0,0,0.000,0,1
19.9709,0,0,0,0.000,0,1
19.9914,0,0,0,0.000,0,1
20.0127,0,0,0,0.000,0,1
20.0337,0,0,0,0.000,0,1
20.0544,0,0,0,0.000,0,1
20.0746,0,0,0,0.000,0,1
20.0949,0,0,0,0.000,0,1
20.1151,0,0,0,0.000,0,1
20.1355,0,0,0,0.000,0,1
20.1564,0,0,0,0.000,0,1
20.1767,0,0,0,0.000,0,1
20.1976,0,0,0,0.000,0,1
20.2180,0,0,0,0.000,0,1
20.2384,0,0,0,0.000,0,1
20.2589,0,0,0,0.000,0,1
20.2802,0,0,0,0.000,0,1
20.3010,0,0,0,0.000,0,1
20.3212,0,0,0,0.000,0,1
20.3418,0,0,0,0.000,0,1
20.3622,0,0,0,0.000,0,1
20.3826,0,0,0,0.000,0,1
20.4030,0,0,0,0.000,0,1
20.4235,0,0,0,0.000,0,1
20.4441,0,0,0,0.000,0,1
20.4645,0,0,0,0.000,0,1
20.4847,0,0,0,0.000,0,1
20.5050,0,0,0,0.000,0,1
20.5257,0,0,0,0.000,0,1
20.5458,0,0,0,0.000,0,1
20.5660,0,0,0,0.000,0,1
20.5863,0,0,0,0.000,0,1
20.6066,0,0,0,0.000,0,1
20.6269,0,0,0,0.000,0,1
20.6472,0,0,0,0.000,0,1
20.6686,0,0,0,0.000,0,1
20.6897,0,0,0,0.000,0,1
20.7100,0,0,0,0.000,0,1
20.7301,0,0,0,0.000,0,1
20.7511,0,0,0,0.000,0,1
20.7714,0,0,0,0.000,0,1
20.7931,0,0,0,0.000,0,1
20.8140,0,0,0,0.000,0,1
20.8351,0,0,0,0.000,0,1
20.8565,0,0,0,0.000,0,1
20.8778,0,0,0,0.000,0,1
20.8992,0,0,0,0.000,0,1
20.9216,0,0,0,0.000,0,1
20.9427,0,0,0,0.000,0,1
20.9655,0,0,0,0.000,0,1
20.9866,0,0,0,0.000,0,1
21.0071,0,0,0,0.000,0,1
21.0275,0,0,0,0.000,0,1
21.0488,0,0,0,0.000,0,1
21.0700,0,0,0,0.000,0,1
21.0905,0,0,0,0.000,0,1
21.1114,0,0,0,0.000,0,1
21.1322,0,0,0,0.000,0,1
21.1527,0,0,0,0.000,0,1
21.1755,0,0,0,0.000,0,1
21.2003,0,0,0,0.000,0,1
21.2229,0,0,0,0.000,0,1
21.2438,0,0,0,0.000,0,1
21.2648,0,0,0,0.000,0,1
21.2856,0,0,0,0.000,0,1
21.3058,0,0,0,0.000,0,1
21.3263,0,0,0,0.000,0,1
21.3471,0,0,0,0.000,0,1
21.3684,0,0,0,0.000,0,1
21.3892,0,0,0,0.000,0,1
21.4103,0,0,0,0.000,0,1
21.4308,0,0,0,0.000,0,1
21.4519,0,0,0,0.000,0,1
21.4723,0,0,0,0.000,0,1
21.4932,0,0,0,0.000,0,1
21.5135,0,0,0,0.000,0,1
21.5341,0,0,0,0.000,0,1
21.5546,0,0,0,0.000,0,1
21.5750,0,0,0,0.000,0,1
21.5955,0,0,0,0.000,0,1
21.6159,0,0,0,0.000,0,1
21.6362,0,0,0,0.000,0,1
21.6565,0,0,0,0.000,0,1
21.6771,0,0,0,0.000,0,1
21.6988,0,0,0,0.000,0,1
21.7194,0,0,0,0.000,0,1
21.7396,0,0,0,0.000,0,1
21.7602,0,0,0,0.000,0,1
21.7804,0,0,0,0.000,0,1
21.8010,0,0,0,0.000,0,1
21.8213,0,0,0,0.000,0,1
21.8420,0,0,0,0.000,0,1
21.8634,0,0,0,0.000,0,1
21.8838,0,0,0,0.000,0,1
21.9041,0,0,0,0.000,0,1
21.9247,0,0,0,0.000,0,1
21.9459,0,0,0,0.000,0,1
21.9664,0,0,0,0.000,0,1
21.9870,0,0,0,0.000,0,1
22.0073,0,0,0,0.000,0,1
22.0281,0,0,0,0.000,0,1
22.0485,0,0,0,0.000,0,1
22.0690,0,0,0,0.000,0,1
22.0894,0,0,0,0.000,0,1
22.1099,0,0,0,0.000,0,1
22.1303,0,0,0,0.000,0,1
22.1507,0,0,0,0.000,0,1
22.1718,0,0,0,0.000,0,1
22.1926,0,0,0,0.000,0,1
22.2129,0,0,0,0.000,0,1
22.2331,0,0,0,0.000,0,1
22.2535,0,0,0,0.000,0,1
22.2737,0,0,0,0.000,0,1
22.2941,0,0,0,0.000,0,1
22.3143,0,0,0,0.000,0,1
22.3350,0,0,0,0.000,0,1
22.3552,0,0,0,0.000,0,1
22.3760,0,0,0,0.000,0,1
22.3965,0,0,0,0.000,0,1
22.4171,0,0,0,0.000,0,1
22.4377,0,0,0,0.000,0,1
22.4582,0,0,0,0.000,0,1
22.4785,0,0,0,0.000,0,1
22.4992,0,0,0,0.000,0,1
22.5197,0,0,0,0.000,0,1
22.5402,0,0,0,0.000,0,1
22.5606,0,0,0,0.000,0,1
22.5811,0,0,0,0.000,0,1
22.6014,0,0,0,0.000,0,1
22.6217,0,0,0,0.000,0,1
22.6421,0,0,0,0.000,0,1
22.6625,0,0,0,0.000,0,1
22.6830,0,0,0,0.000,0,1
22.7034,0,0,0,0.000,0,1
22.7259,0,0,0,0.000,0,1
22.7593,0,0,0,0.000,0,1
22.7851,0,0,0,0.000,0,1
22.8229,0,0,0,0.000,0,1
22.8439,0,0,0,0.000,0,1
22.8736,0,0,0,0.000,0,1
22.9012,0,0,0,0.000,0,1
22.9314,0,0,0,0.000,0,1
22.9535,0,0,0,0.000,0,1
22.9742,0,0,0,0.000,0,1
22.9984,0,0,0,0.000,0,1
23.0197,0,0,0,0.000,0,1
23.0409,0,0,0,0.000,0,1
23.0611,0,0,0,0.000,0,1
23.0819,0,0,0,0.000,0,1
23.1026,0,0,0,0.000,0,1
23.1229,0,0,0,0.000,0,1
23.1438,0,0,0,0.000,0,1
23.1645,0,0,0,0.000,0,1
23.1858,0,0,0,0.000,0,1
23.2060,0,0,0,0.000,0,1
23.2263,0,0,0,0.000,0,1
23.2485,0,0,0,0.000,0,1
23.2693,0,0,0,0.000,0,1
23.2895,0,0,0,0.000,0,1
23.3098,0,0,0,0.000,0,1
23.3302,0,0,0,0.000,0,1
23.3504,0,0,0,0.000,0,1
23.3708,0,0,0,0.000,0,1
23.3912,0,0,0,0.000,0,1
23.4117,0,0,0,0.000,0,1
23.4322,0,0,0,0.000,0,1
23.4527,0,0,0,0.000,0,1
23.4731,0,0,0,0.000,0,1
23.4937,0,0,0,0.000,0,1
23.5140,0,0,0,0.000,0,1
23.5344,0,0,0,0.000,0,1
23.5548,0,0,0,0.000,0,1
23.5751,0,0,0,0.000,0,1
23.5955,0,0,0,0.000,0,1
23.6157,0,0,0,0.000,0,1
23.6359,0,0,0,0.000,0,1
23.6561,0,0,0,0.000,0,1
23.6767,0,0,0,0.000,0,1
23.6983,0,0,0,0.000,0,1
23.7254,0,0,0,0.000,0,1
23.7493,0,0,0,0.000,0,1
23.7713,0,0,0,0.000,0,1
23.7963,0,0,0,0.000,0,1
23.8206,0,0,0,0.000,0,1
23.8440,0,0,0,0.000,0,1
23.8679,0,0,0,0.000,0,1
23.8985,0,0,0,0.000,0,1
23.9265,0,0,0,0.000,0,1
23.9564,0,0,0,0.000,0,1
23.9870,0,0,0,0.000,0,1
24.0088,0,0,0,0.000,0,1
24.0311,0,0,0,0.000,0,1
24.0518,0,0,0,0.000,0,1
24.0743,0,0,0,0.000,0,1
24.0951,0,0,0,0.000,0,1
24.1157,0,0,0,0.000,0,1
24.1369,0,0,0,0.000,0,1
24.1654,0,0,0,0.000,0,1
24.1862,0,0,0,0.000,0,1
24.2088,0,0,0,0.000,0,1
24.2318,0,0,0,0.000,0,1
24.2601,0,0,0,0.000,0,1
24.2815,0,0,0,0.000,0,1
24.3021,0,0,0,0.000,0,1
24.3227,0,0,0,0.000,0,1
24.3439,0,0,0,0.000,0,1
24.3655,0,0,0,0.000,0,1
24.3866,0,0,0,0.000,0,1
24.4079,0,0,0,0.000,0,1
24.4284,0,0,0,0.000,0,1
24.4489,0,0,0,0.000,0,1
24.4693,0,0,0,0.000,0,1
24.4896,0,0,0,0.000,0,1
24.5102,0,0,0,0.000,0,1
24.5308,0,0,0,0.000,0,1
24.5516,0,0,0,0.000,0,1
24.5725,0,0,0,0.000,0,1
24.5981,0,0,0,0.000,0,1
24.6184,0,0,0,0.000,0,1
24.6395,0,0,0,0.000,0,1
24.6607,0,0,0,0.000,0,1
24.6824,0,0,0,0.000,0,1
24.7030,0,0,0,0.000,0,1
24.7235,0,0,0,0.000,0,1
24.7442,0,0,0,0.000,0,1
24.7645,0,0,0,0.000,0,1
24.7851,0,0,0,0.000,0,1
24.8078,0,0,0,0.000,0,1
24.8285,0,0,0,0.000,0,1
24.8487,0,0,0,0.000,0,1
24.8691,0,0,0,0.000,0,1
24.8898,0,0,0,0.000,0,1
24.9102,0,0,0,0.000,0,1
24.9306,0,0,0,0.000,0,1
24.9511,0,0,0,0.000,0,1
24.9713,0,0,0,0.000,0,1
24.9915,0,0,0,0.000,0,1
25.0119,0,0,0,0.000,0,1
25.0323,0,0,0,0.000,0,1
25.0528,0,0,0,0.000,0,1
25.0734,0,0,0,0.000,0,1
25.0938,0,0,0,0.000,0,1
25.1144,0,0,0,0.000,0,1
25.1349,0,0,0,0.000,0,1
25.1553,0,0,0,0.000,0,1
25.1755,0,0,0,0.000,0,1
25.1961,0,0,0,0.000,0,1
25.2163,0,0,0,0.000,0,1
25.2369,0,0,0,0.000,0,1
25.2573,0,0,0,0.000,0,1
25.2777,0,0,0,0.000,0,1
25.2978,0,0,0,0.000,0,1
25.3189,0,0,0,0.000,0,1
25.3397,0,0,0,0.000,0,1
25.3600,0,0,0,0.000,0,1
25.3820,0,0,0,0.000,0,1
25.4025,0,0,0,0.000,0,1
25.4239,0,0,0,0.000,0,1
25.4446,0,0,0,0.000,0,1
25.4652,0,0,0,0.000,0,1
25.4859,0,0,0,0.000,0,1
25.5060,0,0,0,0.000,0,1
25.5268,0,0,0,0.000,0,1
25.5471,0,0,0,0.000,0,1
25.5677,0,0,0,0.000,0,1
25.5879,0,0,0,0.000,0,1
25.6081,0,0,0,0.000,0,1
25.6287,0,0,0,0.000,0,1
25.6488,0,0,0,0.000,0,1
25.6691,0,0,0,0.000,0,1
25.6896,0,0,0,0.000,0,1
25.7101,0,0,0,0.000,0,1
25.7305,0,0,0,0.000,0,1
25.7511,0,0,0,0.000,0,1
25.7714,0,0,0,0.000,0,1
25.7917,0,0,0,0.000,0,1
25.8122,0,0,0,0.000,0,1
25.8327,0,0,0,0.000,0,1
25.8533,0,0,0,0.000,0,1
25.8735,0,0,0,0.000,0,1
25.8939,0,0,0,0.000,0,1
25.9147,0,0,0,0.000,0,1
25.9354,0,0,0,0.000,0,1
25.9557,0,0,0,0.000,0,1
25.9762,0,0,0,0.000,0,1
25.9967,0,0,0,0.000,0,1
26.0171,0,0,0,0.000,0,1
26.0374,0,0,0,0.000,0,1
26.0578,0,0,0,0.000,0,1
26.0784,0,0,0,0.000,0,1
26.0988,0,0,0,0.000,0,1
26.1192,0,0,0,0.000,0,1
26.1397,0,0,0,0.000,0,1
26.1600,0,0,0,0.000,0,1
26.1828,0,0,0,0.000,0,1
26.2031,0,0,0,0.000,0,1
26.2234,0,0,0,0.000,0,1
26.2438,0,0,0,0.000,0,1
26.2640,0,0,0,0.000,0,1
26.2843,0,0,0,0.000,0,1
26.3047,0,0,0,0.000,0,1
26.3251,0,0,0,0.000,0,1
26.3453,0,0,0,0.000,0,1
26.3773,0,0,0,0.000,0,1
26.4096,0,0,0,0.000,0,1
26.4432,0,0,0,0.000,0,1
26.4650,0,0,0,0.000,0,1
26.4911,0,0,0,0.000,0,1
26.5135,0,0,0,0.000,0,1
26.5746,0,0,0,0.000,0,1
26.6025,0,0,0,0.000,0,1
26.6261,0,0,0,0.000,0,1
26.6486,0,0,0,0.000,0,1
26.6758,0,0,0,0.000,0,1
26.6998,0,0,0,0.000,0,1
26.7245,0,0,0,0.000,0,1
26.7513,0,0,0,0.000,0,1
26.7754,0,0,0,0.000,0,1
26.8078,0,0,0,0.000,0,1
26.8326,0,0,0,0.000,0,1
26.8599,0,0,0,0.000,0,1
26.8822,0,0,0,0.000,0,1
26.9044,0,0,0,0.000,0,1
26.9263,0,0,0,0.000,0,1
26.9468,0,0,0,0.000,0,1
26.9674,0,0,0,0.000,0,1
26.9906,0,0,0,0.000,0,1
27.0128,0,0,0,0.000,0,1
27.0339,0,0,0,0.000,0,1
27.0548,0,0,0,0.000,0,1
27.0758,0,0,0,0.000,0,1
27.0962,0,0,0,0.000,0,1
27.1170,0,0,0,0.000,0,1
27.1379,0,0,0,0.000,0,1
27.1591,0,0,0,0.000,0,1
27.1836,0,0,0,0.000,0,1
27.2044,0,0,0,0.000,0,1
27.2247,0,0,0,0.000,0,1
27.2458,0,0,0,0.000,0,1
27.2666,0,0,0,0.000,0,1
27.2871,0,0,0,0.000,0,1
27.3075,0,0,0,0.000,0,1
27.3280,0,0,0,0.000,0,1
27.3482,0,0,0,0.000,0,1
27.3686,0,0,0,0.000,0,1
27.3891,0,0,0,0.000,0,1
27.4092,0,0,0,0.000,0,1
27.4297,0,0,0,0.000,0,1
27.4506,0,0,0,0.000,0,1
27.4709,0,0,0,0.000,0,1
27.4915,0,0,0,0.000,0,1
27.5118,0,0,0,0.000,0,1
27.5322,0,0,0,0.000,0,1
27.5530,0,0,0,0.000,0,1
27.5737,0,0,0,0.000,0,1
27.5942,0,0,0,0.000,0,1
27.6155,0,0,0,0.000,0,1
27.6362,0,0,0,0.000,0,1
27.6566,0,0,0,0.000,0,1
27.6770,0,0,0,0.000,0,1
27.6974,0,0,0,0.000,0,1
27.7180,0,0,0,0.000,0,1
27.7384,0,0,0,0.000,0,1
27.7587,0,0,0,0.000,0,1
27.7790,0,0,0,0.000,0,1
27.7994,0,0,0,0.000,0,1
27.8198,0,0,0,0.000,0,1
27.8399,0,0,0,0.000,0,1
27.8603,0,0,0,0.000,0,1
27.8822,0,0,0,0.000,0,1
27.9035,0,0,0,0.000,0,1
27.9239,0,0,0,0.000,0,1
27.9447,0,0,0,0.000,0,1
27.9655,0,0,0,0.000,0,1
27.9860,0,0,0,0.000,0,1
28.0064,0,0,0,0.000,0,1
28.0268,0,0,0,0.000,0,1
28.0475,0,0,0,0.000,0,1
28.0685,0,0,0,0.000,0,1
28.0890,0,0,0,0.000,0,1
28.1095,0,0,0,0.000,0,1
28.1299,0,0,0,0.000,0,1
28.1501,0,0,0,0.000,0,1
28.1705,0,0,0,0.000,0,1
28.1906,0,0,0,0.000,0,1
28.2116,0,0,0,0.000,0,1
28.2318,0,0,0,0.000,0,1
28.2529,0,0,0,0.000,0,1
28.2739,0,0,0,0.000,0,1
28.2941,0,0,0,0.000,0,1
28.3143,0,0,0,0.000,0,1
28.3356,0,0,0,0.000,0,1
28.3558,0,0,0,0.000,0,1
28.3769,0,0,0,0.000,0,1
28.3997,0,0,0,0.000,0,1
28.4203,0,0,0,0.000,0,1
28.4407,0,0,0,0.000,0,1
28.4613,0,0,0,0.000,0,1
28.4818,0,0,0,0.000,0,1
28.5027,0,0,0,0.000,0,1
28.5229,0,0,0,0.000,0,1
28.5433,0,0,0,0.000,0,1
28.5636,0,0,0,0.000,0,1
28.5841,0,0,0,0.000,0,1
28.6046,0,0,0,0.000,0,1
28.6250,0,0,0,0.000,0,1
28.6453,0,0,0,0.000,0,1
28.6659,0,0,0,0.000,0,1
28.6868,0,0,0,0.000,0,1
28.7070,0,0,0,0.000,0,1
28.7276,0,0,0,0.000,0,1
28.7486,0,0,0,0.000,0,1
28.7708,0,0,0,0.000,0,1
28.7916,0,0,0,0.000,0,1
28.8120,0,0,0,0.000,0,1
28.8327,0,0,0,0.000,0,1
28.8543,0,0,0,0.000,0,1
28.8751,0,0,0,0.000,0,1
28.8965,0,0,0,0.000,0,1
28.9172,0,0,0,0.000,0,1
28.9376,0,0,0,0.000,0,1
28.9580,0,0,0,0.000,0,1
28.9787,0,0,0,0.000,0,1
28.9990,0,0,0,0.000,0,1
29.0191,0,0,0,0.000,0,1
29.0396,0,0,0,0.000,0,1
29.0604,0,0,0,0.000,0,1
29.0807,0,0,0,0.000,0,1
29.1014,0,0,0,0.000,0,1
29.1243,0,0,0,0.000,0,1
29.1447,0,0,0,0.000,0,1
29.1659,0,0,0,0.000,0,1
29.1865,0,0,0,0.000,0,1
29.2074,0,0,0,0.000,0,1
29.2282,0,0,0,0.000,0,1
29.2491,0,0,0,0.000,0,1
29.2696,0,0,0,0.000,0,1
29.2898,0,0,0,0.000,0,1
29.3104,0,0,0,0.000,0,1
29.3310,0,0,0,0.000,0,1
29.3517,0,0,0,0.000,0,1
29.3719,0,0,0,0.000,0,1
29.3923,0,0,0,0.000,0,1
29.4127,0,0,0,0.000,0,1
29.4330,0,0,0,0.000,0,1
29.4586,0,0,0,0.000,0,1
29.4843,0,0,0,0.000,0,1
29.5089,0,0,0,0.000,0,1
29.5333,0,0,0,0.000,0,1
29.5547,0,0,0,0.000,0,1
29.5760,0,0,0,0.000,0,1
29.5964,0,0,0,0.000,0,1
29.6168,0,0,0,0.000,0,1
29.6380,0,0,0,0.000,0,1
29.6592,0,0,0,0.000,0,1
29.6794,0,0,0,0.000,0,1
29.7013,0,0,0,0.000,0,1
29.7219,0,0,0,0.000,0,1
29.7424,0,0,0,0.000,0,1
29.7675,0,0,0,0.000,0,1
29.7877,0,0,0,0.000,0,1
29.8083,0,0,0,0.000,0,1
29.8286,0,0,0,0.000,0,1
29.8489,0,0,0,0.000,0,1
29.8696,0,0,0,0.000,0,1
29.8900,0,0,0,0.000,0,1
29.9103,0,0,0,0.000,0,1
29.9306,0,0,0,0.000,0,1
29.9511,0,0,0,0.000,0,1
29.9714,0,0,0,0.000,0,1
29.9916,0,0,0,0.000,0,1
30.0123,0,0,0,0.000,0,1
30.0328,0,0,0,0.000,0,1
30.0585,0,0,0,0.000,0,1
30.0787,0,0,0,0.000,0,1
30.0991,0,0,0,0.000,0,1
30.1194,0,0,0,0.000,0,1
30.1400,0,0,0,0.000,0,1
30.1605,0,0,0,0.000,0,1
30.1811,0,0,0,0.000,0,1
30.2015,0,0,0,0.000,0,1
30.2263,0,0,0,0.000,0,1
30.2505,0,0,0,0.000,0,1
30.2712,0,0,0,0.000,0,1
30.2920,0,0,0,0.000,0,1
30.3126,0,0,0,0.000,0,1
30.3340,0,0,0,0.000,0,1
30.3546,0,0,0,0.000,0,1
30.3747,0,0,0,0.000,0,1
30.3951,0,0,0,0.000,0,1
30.4156,0,0,0,0.000,0,1
30.4362,0,0,0,0.000,0,1
30.4571,0,0,0,0.000,0,1
30.4780,0,0,0,0.000,0,1
30.5011,0,0,0,0.000,0,1
30.5219,0,0,0,0.000,0,1
30.5420,0,0,0,0.000,0,1
30.5622,0,0,0,0.000,0,1
30.5829,0,0,0,0.000,0,1
30.6033,0,0,0,0.000,0,1
30.6236,0,0,0,0.000,0,1
30.6439,0,0,0,0.000,0,1
30.6642,0,0,0,0.000,0,1
30.6845,0,0,0,0.000,0,1
30.7048,0,0,0,0.000,0,1
30.7251,0,0,0,0.000,0,1
30.7453,0,0,0,0.000,0,1
30.7656,0,0,0,0.000,0,1
30.7862,0,0,0,0.000,0,1
30.8067,0,0,0,0.000,0,1
30.8277,0,0,0,0.000,0,1
30.8480,0,0,0,0.000,0,1
30.8696,0,0,0,0.000,0,1
30.8901,0,0,0,0.000,0,1
30.9109,0,0,0,0.000,0,1
30.9312,0,0,0,0.000,0,1
30.9517,0,0,0,0.000,0,1
30.9723,0,0,0,0.000,0,1
30.9927,0,0,0,0.000,0,1
31.0133,0,0,0,0.000,0,1
31.0342,0,0,0,0.000,0,1
31.0549,0,0,0,0.000,0,1
31.0753,0,0,0,0.000,0,1
31.0959,0,0,0,0.000,0,1
31.1167,0,0,0,0.000,0,1
31.1379,0,0,0,0.000,0,1
31.1581,0,0,0,0.000,0,1
31.1789,0,0,0,0.000,0,1
31.1993,0,0,0,0.000,0,1
31.2197,0,0,0,0.000,0,1
31.2416,0,0,0,0.000,0,1
31.2621,0,0,0,0.000,0,1
31.2832,0,0,0,0.000,0,1
31.3037,0,0,0,0.000,0,1
31.3239,0,0,0,0.000,0,1
31.3444,0,0,0,0.000,0,1
31.3648,0,0,0,0.000,0,1
31.3850,0,0,0,0.000,0,1
31.9704,0,0,0,0.000,0,1
31.9907,0,0,0,0.000,0,1
32.0115,0,0,0,0.000,0,1
32.0321,0,0,0,0.000,0,1
32.0525,0,0,0,0.000,0,1
32.0727,0,0,0,0.000,0,1
32.0972,0,0,0,0.000,0,1
32.1260,0,0,0,0.000,0,1
32.1470,0,0,0,0.000,0,1
32.1679,0,0,0,0.000,0,1
32.1939,0,0,0,0.000,0,1
32.2143,0,0,0,0.000,0,1
32.2349,0,0,0,0.000,0,1
32.2552,0,0,0,0.000,0,1
32.2758,0,0,0,0.000,0,1
32.2961,0,0,0,0.000,0,1
32.3167,0,0,0,0.000,0,1
32.3380,0,0,0,0.000,0,1
32.3603,0,0,0,0.000,0,1
32.3805,0,0,0,0.000,0,1
32.4012,0,0,0,0.000,0,1
32.4218,0,0,0,0.000,0,1
32.4425,0,0,0,0.000,0,1
32.4630,0,0,0,0.000,0,1
32.4833,0,0,0,0.000,0,1
32.5047,0,0,0,0.000,0,1
32.5253,0,0,0,0.000,0,1
32.5456,0,0,0,0.000,0,1
32.5668,0,0,0,0.000,0,1
32.5874,0,0,0,0.000,0,1
32.6082,0,0,0,0.000,0,1
32.6290,0,0,0,0.000,0,1
32.6494,0,0,0,0.000,0,1
32.6703,0,0,0,0.000,0,1
32.6920,0,0,0,0.000,0,1
32.7130,0,0,0,0.000,0,1
32.7341,0,0,0,0.000,0,1
32.7545,0,0,0,0.000,0,1
32.7774,0,0,0,0.000,0,1
32.8043,0,0,0,0.000,0,1
32.8282,0,0,0,0.000,0,1
32.8522,0,0,0,0.000,0,1
32.8754,0,0,0,0.000,0,1
32.8961,0,0,0,0.000,0,1
32.9210,0,0,0,0.000,0,1
32.9422,0,0,0,0.000,0,1
32.9686,0,0,0,0.000,0,1
32.9897,0,0,0,0.000,0,1
33.0108,0,0,0,0.000,0,1
33.0360,0,0,0,0.000,0,1
33.0584,0,0,0,0.000,0,1
33.0807,0,0,0,0.000,0,1
33.1013,0,0,0,0.000,0,1
33.1218,0,0,0,0.000,0,1
33.1424,0,0,0,0.000,0,1
33.1630,0,0,0,0.000,0,1
33.1849,0,0,0,0.000,0,1
33.2053,0,0,0,0.000,0,1
33.2256,0,0,0,0.000,0,1
33.2463,0,0,0,0.000,0,1
33.2712,0,0,0,0.000,0,1
33.2928,0,0,0,0.000,0,1
33.3136,0,0,0,0.000,0,1
33.3341,0,0,0,0.000,0,1
33.3549,0,0,0,0.000,0,1
33.3760,0,0,0,0.000,0,1
33.3967,0,0,0,0.000,0,1
33.4183,0,0,0,0.000,0,1
33.4396,0,0,0,0.000,0,1
33.4598,0,0,0,0.000,0,1
33.4801,0,0,0,0.000,0,1
33.5006,0,0,0,0.000,0,1
33.5212,0,0,0,0.000,0,1
33.5416,0,0,0,0.000,0,1
33.5622,0,0,0,0.000,0,1
33.5846,0,0,0,0.000,0,1
33.6053,0,0,0,0.000,0,1
33.6258,0,0,0,0.000,0,1
33.6461,0,0,0,0.000,0,1
33.6666,0,0,0,0.000,0,1
33.6875,0,0,0,0.000,0,1
33.7079,0,0,0,0.000,0,1
33.7287,0,0,0,0.000,0,1
33.7501,0,0,0,0.000,0,1
33.7707,0,0,0,0.000,0,1
33.7909,0,0,0,0.000,0,1
33.8115,0,0,0,0.000,0,1
33.8317,0,0,0,0.000,0,1
33.8531,0,0,0,0.000,0,1
33.8735,0,0,0,0.000,0,1
33.8946,0,0,0,0.000,0,1
33.9148,0,0,0,0.000,0,1
33.9353,0,0,0,0.000,0,1
33.9558,0,0,0,0.000,0,1
33.9763,0,0,0,0.000,0,1
33.9966,0,0,0,0.000,0,1
34.0180,0,0,0,0.000,0,1
34.0426,0,0,0,0.000,0,1
34.0675,0,0,0,0.000,0,1
34.0887,0,0,0,0.000,0,1
34.1092,0,0,0,0.000,0,1
34.1307,0,0,0,0.000,0,1
34.1518,0,0,0,0.000,0,1
34.1730,0,0,0,0.000,0,1
34.1940,0,0,0,0.000,0,1
34.2145,0,0,0,0.000,0,1
34.2348,0,0,0,0.000,0,1
34.2556,0,0,0,0.000,0,1
34.2762,0,0,0,0.000,0,1
34.2963,0,0,0,0.000,0,1
34.3174,0,0,0,0.000,0,1
34.3380,0,0,0,0.000,0,1
34.3587,0,0,0,0.000,0,1
34.3796,0,0,0,0.000,0,1
34.4014,0,0,0,0.000,0,1
34.4224,0,0,0,0.000,0,1
34.4428,0,0,0,0.000,0,1
34.4631,0,0,0,0.000,0,1
34.4845,0,0,0,0.000,0,1
34.5051,0,0,0,0.000,0,1
34.5254,0,0,0,0.000,0,1
34.5459,0,0,0,0.000,0,1
34.5665,0,0,0,0.000,0,1
34.5869,0,0,0,0.000,0,1
34.6074,0,0,0,0.000,0,1
34.6278,0,0,0,0.000,0,1
34.6486,0,0,0,0.000,0,1
34.6705,0,0,0,0.000,0,1
34.6911,0,0,0,0.000,0,1
34.7115,0,0,0,0.000,0,1
34.7324,0,0,0,0.000,0,1
34.7533,0,0,0,0.000,0,1
34.7740,0,0,0,0.000,0,1
34.7945,0,0,0,0.000,0,1
34.8202,0,0,0,0.000,0,1
34.8426,0,0,0,0.000,0,1
34.8634,0,0,0,0.000,0,1
34.8855,0,0,0,0.000,0,1
34.9058,0,0,0,0.000,0,1
34.9262,0,0,0,0.000,0,1
34.9465,0,0,0,0.000,0,1
34.9675,0,0,0,0.000,0,1
34.9878,0,0,0,0.000,0,1
35.0091,0,0,0,0.000,0,1
35.0296,0,0,0,0.000,0,1
35.0519,0,0,0,0.000,0,1
35.0728,0,0,0,0.000,0,1
35.0932,0,0,0,0.000,0,1
35.1138,0,0,0,0.000,0,1
35.1343,0,0,0,0.000,0,1
35.1551,0,0,0,0.000,0,1
35.1753,0,0,0,0.000,0,1
35.1960,0,0,0,0.000,0,1
35.2169,0,0,0,0.000,0,1
35.2377,0,0,0,0.000,0,1
35.2595,0,0,0,0.000,0,1
35.2805,0,0,0,0.000,0,1
35.3013,0,0,0,0.000,0,1
35.3224,0,0,0,0.000,0,1
35.3429,0,0,0,0.000,0,1
35.3632,0,0,0,0.000,0,1
35.3843,0,0,0,0.000,0,1
35.4049,0,0,0,0.000,0,1
35.4253,0,0,0,0.000,0,1
35.4458,0,0,0,0.000,0,1
35.4680,0,0,0,0.000,0,1
35.4887,0,0,0,0.000,0,1
35.6078,0,0,0,0.000,0,1
35.6282,0,0,0,0.000,0,1
35.6487,0,0,0,0.000,0,1
35.6690,0,0,0,0.000,0,1
35.6896,0,0,0,0.000,0,1
35.7117,0,0,0,0.000,0,1
35.7345,0,0,0,0.000,0,1
35.7555,0,0,0,0.000,0,1
35.7761,0,0,0,0.000,0,1
35.8000,0,0,0,0.000,0,1
35.8216,0,0,0,0.000,0,1
35.8423,0,0,0,0.000,0,1
35.8633,0,0,0,0.000,0,1
35.8845,0,0,0,0.000,0,1
35.9052,0,0,0,0.000,0,1
35.9271,0,0,0,0.000,0,1
35.9478,0,0,0,0.000,0,1
35.9694,0,0,0,0.000,0,1
35.9927,0,0,0,0.000,0,1
36.0138,0,0,0,0.000,0,1
36.0342,0,0,0,0.000,0,1
36.0548,0,0,0,0.000,0,1
36.0788,0,0,0,0.000,0,1
36.1006,0,0,0,0.000,0,1
36.1223,0,0,0,0.000,0,1
36.1427,0,0,0,0.000,0,1
36.1638,0,0,0,0.000,0,1
36.1856,0,0,0,0.000,0,1
36.2062,0,0,0,0.000,0,1
36.2267,0,0,0,0.000,0,1
36.2475,0,0,0,0.000,0,1
36.2680,0,0,0,0.000,0,1
36.2886,0,0,0,0.000,0,1
36.3097,0,0,0,0.000,0,1
36.3304,0,0,0,0.000,0,1
36.3507,0,0,0,0.000,0,1
36.3715,0,0,0,0.000,0,1
36.3921,0,0,0,0.000,0,1
36.4126,0,0,0,0.000,0,1
36.4338,0,0,0,0.000,0,1
36.4544,0,0,0,0.000,0,1
36.4764,0,0,0,0.000,0,1
36.4970,0,0,0,0.000,0,1
36.5172,0,0,0,0.000,0,1
36.5378,0,0,0,0.000,0,1
36.5583,0,0,0,0.000,0,1
36.5789,0,0,0,0.000,0,1
36.5993,0,0,0,0.000,0,1
36.6201,0,0,0,0.000,0,1
36.6404,0,0,0,0.000,0,1
36.6607,0,0,0,0.000,0,1
36.6844,0,0,0,0.000,0,1
36.7198,0,0,0,0.000,0,1
36.7459,0,0,0,0.000,0,1
36.7696,0,0,0,0.000,0,1
36.7974,0,0,0,0.000,0,1
36.8336,0,0,0,0.000,0,1
36.8627,0,0,0,0.000,0,1
36.8845,0,0,0,0.000,0,1
36.9135,0,0,0,0.000,0,1
36.9356,0,0,0,0.000,0,1
36.9559,0,0,0,0.000,0,1
36.9772,0,0,0,0.000,0,1
36.9977,0,0,0,0.000,0,1
37.0183,0,0,0,0.000,0,1
37.0385,0,0,0,0.000,0,1
37.0587,0,0,0,0.000,0,1
37.0794,0,0,0,0.000,0,1
37.0999,0,0,0,0.000,0,1
37.1205,0,0,0,0.000,0,1
37.1429,0,0,0,0.000,0,1
37.1680,0,0,0,0.000,0,1
37.1886,0,0,0,0.000,0,1
37.2092,0,0,0,0.000,0,1
37.2296,0,0,0,0.000,0,1
37.2502,0,0,0,0.000,0,1
37.2708,0,0,0,0.000,0,1
37.2936,0,0,0,0.000,0,1
37.3168,0,0,0,0.000,0,1
37.3378,0,0,0,0.000,0,1
37.3586,0,0,0,0.000,0,1
37.3793,0,0,0,0.000,0,1
37.4004,0,0,0,0.000,0,1
37.4211,0,0,0,0.000,0,1
37.4414,0,0,0,0.000,0,1
37.4621,0,0,0,0.000,0,1
37.4924,0,0,0,0.000,0,1
37.5172,0,0,1,0.450,0,1
37.5394,0,0,1,0.450,0,1
37.5602,0,0,1,0.450,0,1
37.5805,0,0,1,0.450,0,1
37.6017,0,0,1,0.450,1,1
37.6221,0,0,2,0.900,1,1
37.6423,0,0,2,0.900,2,1
37.6628,0,0,2,0.900,4,1
37.6829,0,0,4,1.800,4,1
37.7036,0,0,6,2.700,5,1
37.7238,0,0,8,3.600,6,1
37.7447,0,0,9,4.050,7,1
37.7652,0,0,11,4.950,13,1
37.7855,0,0,12,5.400,22,1
37.8059,0,0,14,6.300,31,1
37.8287,0,0,16,7.200,33,1
37.8503,0,0,17,7.650,37,1
37.8715,0,0,19,8.550,44,1
37.8921,0,0,22,9.900,44,1
37.9126,0,0,26,11.700,47,1
37.9331,0,0,29,13.050,57,1
37.9534,0,0,33,14.850,61,1
37.9740,0,0,37,16.650,61,1
37.9942,0,0,41,18.450,65,1
38.0144,0,0,45,20.250,81,1
38.0350,0,0,49,22.050,86,1
38.0553,0,0,54,24.300,91,1
38.0768,0,0,56,25.200,96,1
38.0976,0,0,58,26.100,101,1
38.1189,0,0,60,27.000,106,1
38.1397,0,0,62,27.900,116,1
38.1601,0,0,64,28.800,127,1
38.1843,0,0,66,29.700,142,1
38.2063,0,0,68,30.600,152,1
38.2275,0,0,70,31.500,157,1
38.2478,0,0,73,32.850,168,1
38.2685,0,0,76,34.200,168,1
38.2886,0,0,79,35.550,178,1
38.3090,0,0,82,36.900,188,1
38.3293,0,0,85,38.250,193,1
38.3496,0,0,88,39.600,198,1
38.3698,0,0,90,40.500,209,1
38.3912,0,0,91,40.950,209,1
38.4119,0,0,93,41.850,224,1
38.4324,0,0,94,42.300,234,1
38.4528,0,0,95,42.750,244,1
38.4731,0,0,96,43.200,270,1
38.4933,0,0,96,43.200,275,1
38.5135,0,0,98,44.100,275,1
38.5338,0,0,98,44.100,296,1
38.5540,0,0,98,44.100,301,1
38.5743,0,0,98,44.100,316,1
38.5948,0,0,98,44.100,321,1
38.6153,0,0,99,44.550,326,1
38.6356,0,0,99,44.550,342,1
38.6558,0,0,99,44.550,347,1
38.6763,0,0,99,44.550,357,1
38.6966,0,0,100,45.000,362,1
38.7182,0,0,100,45.000,377,1
38.7394,0,0,100,45.000,388,1
38.7611,0,0,100,45.000,403,1
38.7817,0,0,100,45.000,418,1
38.8019,0,0,100,45.000,427,1
38.8226,0,0,100,45.000,432,1
38.8430,0,0,100,45.000,436,1
38.8641,0,0,100,45.000,450,1
38.8846,0,0,100,45.000,459,1
38.9049,0,0,100,45.000,461,1
38.9252,0,0,100,45.000,473,1
38.9456,0,0,100,45.000,475,1
38.9662,0,0,100,45.000,483,1
38.9866,0,0,100,45.000,485,1
39.0069,0,0,100,45.000,485,1
39.0274,0,0,100,45.000,487,1
39.0476,0,0,100,45.000,489,1
39.0680,0,0,100,45.000,491,1
39.0885,0,0,100,45.000,491,1
39.1091,0,0,100,45.000,494,1
39.1294,0,0,100,45.000,494,1
39.1495,0,0,100,45.000,498,1
39.1701,0,0,100,45.000,499,1
39.1906,0,0,100,45.000,501,1
39.2109,0,0,100,45.000,501,1
39.2314,0,0,100,45.000,501,1
39.2520,0,0,100,45.000,503,1
39.2722,0,0,100,45.000,503,1
39.2931,0,0,100,45.000,504,1
39.3139,0,0,100,45.000,504,1
39.3345,0,0,100,45.000,504,1
39.3548,0,0,100,45.000,505,1
39.3753,0,0,100,45.000,506,1
39.3957,0,0,100,45.000,506,1
39.4165,0,0,100,45.000,507,1
39.4371,0,0,100,45.000,507,1
39.4574,0,0,100,45.000,508,1
39.4778,0,0,100,45.000,508,1
39.4979,0,0,100,45.000,508,1
39.5182,0,0,100,45.000,509,1
39.5387,0,0,100,45.000,509,1
39.5590,0,0,100,45.000,509,1
39.5932,0,0,100,45.000,509,1
39.6730,0,0,100,45.000,510,1
39.6943,0,0,100,45.000,511,1
39.7145,0,0,100,45.000,511,1
39.7348,0,0,100,45.000,511,1
39.7553,0,0,100,45.000,511,1
39.7755,0,0,100,45.000,511,1
39.7958,0,0,100,45.000,511,1
39.8163,0,0,100,45.000,511,1
39.8367,0,0,100,45.000,511,1
39.8580,0,0,100,45.000,511,1
39.8787,0,0,100,45.000,511,1
39.8990,0,0,100,45.000,511,1
39.9203,0,0,100,45.000,511,1
39.9412,0,0,100,45.000,511,1
39.9614,0,0,100,45.000,511,1
39.9819,0,0,100,45.000,511,1
40.0022,0,0,100,45.000,511,1
40.0226,0,0,100,45.000,511,1
40.0437,0,0,100,45.000,512,1
40.0646,0,0,100,45.000,512,1
40.0849,0,0,100,45.000,512,1
40.1053,0,0,100,45.000,512,1
40.1259,0,0,100,45.000,512,1
40.1467,0,0,100,45.000,512,1
40.1673,0,0,100,45.000,512,1
40.1881,0,0,100,45.000,512,1
40.2085,0,0,100,45.000,512,1
40.2294,0,0,100,45.000,512,1
40.2496,0,0,100,45.000,512,1
40.2697,0,0,100,45.000,512,1
40.2902,0,0,100,45.000,512,1
40.3105,0,0,100,45.000,512,1
40.3312,0,0,100,45.000,512,1
40.3516,0,0,100,45.000,512,1
40.3720,0,0,100,45.000,512,1
40.3922,0,0,100,45.000,512,1
40.4128,0,0,100,45.000,512,1
40.4337,0,0,100,45.000,512,1
40.4544,0,0,100,45.000,512,1
40.4750,0,0,100,45.000,512,1
40.4952,0,0,100,45.000,512,1
40.5155,0,0,100,45.000,512,1
40.5357,0,0,100,45.000,512,1
40.5560,0,0,100,45.000,512,1
40.5772,0,0,100,45.000,512,1
40.5982,0,0,100,45.000,512,1
40.6186,0,0,100,45.000,512,1
40.6389,0,0,100,45.000,512,1
40.6592,0,0,100,45.000,512,1
40.6799,0,0,100,45.000,512,1
40.7002,0,0,100,45.000,512,1
40.7205,0,0,100,45.000,512,1
40.7413,0,0,100,45.000,512,1
40.7615,0,0,100,45.000,512,1
40.7820,0,0,100,45.000,512,1
40.8022,0,0,100,45.000,512,1
40.8224,0,0,100,45.000,512,1
40.8430,0,0,100,45.000,512,1
40.8638,0,0,100,45.000,512,1
40.8843,0,0,100,45.000,512,1
40.9046,0,0,100,45.000,512,1
40.9250,0,0,100,45.000,512,1
40.9457,0,0,100,45.000,512,1
40.9662,0,0,100,45.000,512,1
40.9865,0,0,100,45.000,512,1
41.0069,0,0,100,45.000,512,1
41.0274,0,0,100,45.000,512,1
41.0480,0,0,100,45.000,512,1
41.0681,0,0,100,45.000,512,1
41.0886,0,0,100,45.000,512,1
41.1089,0,0,100,45.000,512,1
41.1293,0,0,100,45.000,512,1
41.1505,0,0,100,45.000,512,1
41.1714,0,0,100,45.000,512,1
41.1917,0,0,100,45.000,512,1
41.2126,0,0,100,45.000,512,1
41.2347,0,0,100,45.000,512,1
41.2555,0,0,100,45.000,512,1
41.2760,0,0,100,45.000,512,1
41.2973,0,0,100,45.000,512,1
41.3182,0,0,100,45.000,512,1
41.3389,0,0,100,45.000,512,1
41.3593,0,0,100,45.000,512,1
41.3844,0,0,100,45.000,512,1
41.4055,0,0,100,45.000,512,1
41.4270,0,0,100,45.000,512,1
41.4476,0,0,100,45.000,512,1
41.4685,0,0,100,45.000,512,1
41.4888,0,0,100,45.000,512,1
41.5096,0,0,100,45.000,512,1
41.5303,0,0,100,45.000,512,1
41.5506,0,0,100,45.000,512,1
41.5709,0,0,100,45.000,512,1
41.5912,0,0,100,45.000,512,1
41.6115,0,0,100,45.000,512,1
41.6319,0,0,100,45.000,512,1
41.6521,0,0,100,45.000,512,1
41.6725,0,0,100,45.000,512,1
41.6930,0,0,100,45.000,512,1
41.7135,0,0,100,45.000,512,1
41.7342,0,0,100,45.000,512,1
41.7544,0,0,100,45.000,512,1
41.7750,0,0,100,45.000,512,1
41.7963,0,0,100,45.000,512,1
41.8187,0,0,100,45.000,512,1
41.8392,0,0,100,45.000,512,1
41.8598,0,0,100,45.000,512,1
41.8817,0,0,100,45.000,512,1
41.9024,0,0,100,45.000,512,1
41.9229,0,0,100,45.000,512,1
41.9446,0,0,100,45.000,512,1
41.9660,0,0,100,45.000,512,1
41.9861,0,0,100,45.000,512,1
42.0071,0,0,100,45.000,512,1
42.0276,0,0,100,45.000,512,1
42.0533,0,0,100,45.000,512,1
42.0768,0,0,100,45.000,512,1
42.0982,0,0,100,45.000,512,1
42.1203,0,0,100,45.000,512,1
42.1408,0,0,100,45.000,512,1
42.1616,0,0,100,45.000,512,1
42.1819,0,0,100,45.000,512,1
42.2031,0,0,100,45.000,512,1
42.2237,0,0,100,45.000,512,1
42.2442,0,0,100,45.000,512,1
42.2649,0,0,100,45.000,512,1
42.2851,0,0,100,45.000,512,1
43.5481,0,0,100,45.000,512,1
43.5684,0,0,100,45.000,512,1
43.5890,0,0,100,45.000,512,1
43.6097,0,0,100,45.000,512,1
43.6302,0,0,100,45.000,512,1
43.6511,0,0,100,45.000,512,1
43.6798,0,0,100,45.000,512,1
43.7000,0,0,100,45.000,512,1
43.7202,0,0,100,45.000,512,1
43.7415,0,0,100,45.000,512,1
43.7623,0,0,100,45.000,512,1
43.7827,0,0,100,45.000,512,1
43.8035,0,0,100,45.000,512,1
43.8237,0,0,100,45.000,512,1
43.8441,0,0,100,45.000,512,1
43.8647,0,0,100,45.000,512,1
43.8852,0,0,100,45.000,512,1
43.9067,0,0,100,45.000,512,1
43.9305,0,0,100,45.000,512,1
43.9525,0,0,100,45.000,512,1
43.9736,0,0,100,45.000,512,1
43.9959,0,0,100,45.000,512,1
44.0161,0,0,100,45.000,512,1
44.0369,0,0,100,45.000,512,1
44.0577,0,0,100,45.000,512,1
44.0780,0,0,100,45.000,512,1
44.0985,0,0,100,45.000,512,1
44.1191,0,0,100,45.000,512,1
44.1398,0,0,100,45.000,512,1
44.1603,0,0,100,45.000,512,1
44.1808,0,0,100,45.000,512,1
44.2012,0,0,100,45.000,512,1
44.2222,0,0,100,45.000,512,1
44.2426,0,0,100,45.000,512,1
44.2639,0,0,100,45.000,512,1
44.2846,0,0,100,45.000,512,1
44.3054,0,0,100,45.000,512,1
44.3271,0,0,100,45.000,512,1
44.3481,0,0,100,45.000,512,1
44.3693,0,0,100,45.000,512,1
44.3900,0,0,100,45.000,512,1
44.4109,0,0,100,45.000,512,1
44.4312,0,0,100,45.000,512,1
44.4528,0,0,100,45.000,512,1
44.4736,0,0,100,45.000,512,1
44.4940,0,0,100,45.000,512,1
44.5146,0,0,100,45.000,512,1
44.5350,0,0,100,45.000,512,1
44.5556,0,0,100,45.000,512,1
44.5773,0,0,100,45.000,512,1
44.5980,0,0,100,45.000,512,1
44.6189,0,0,100,45.000,512,1
44.6404,0,0,100,45.000,512,1
44.6613,0,0,100,45.000,512,1
44.6818,0,0,100,45.000,512,1
44.7022,0,0,100,45.000,512,1
44.7228,0,0,100,45.000,512,1
44.7448,0,0,100,45.000,512,1
44.7657,0,0,100,45.000,512,1
44.7858,0,0,100,45.000,512,1
44.8063,0,0,100,45.000,512,1
44.8265,0,0,100,45.000,512,1
44.8469,0,0,100,45.000,512,1
44.8672,0,0,100,45.000,512,1
44.8874,0,0,100,45.000,512,1
44.9078,0,0,100,45.000,512,1
44.9283,0,0,100,45.000,512,1
44.9485,0,0,100,45.000,512,1
44.9688,0,0,100,45.000,512,1
44.9890,0,0,100,45.000,512,1
45.0092,0,0,100,45.000,512,1
45.0296,0,0,100,45.000,512,1
45.0500,0,0,100,45.000,512,1
45.0705,0,0,100,45.000,512,1
45.0911,0,0,100,45.000,512,1
45.1115,0,0,100,45.000,512,1
45.1323,0,0,100,45.000,512,1
45.1525,0,0,100,45.000,512,1
45.1729,0,0,100,45.000,512,1
45.1933,0,0,100,45.000,512,1
45.2137,0,0,100,45.000,512,1
45.2357,0,0,100,45.000,512,1
45.2564,0,0,100,45.000,512,1
45.2772,0,0,100,45.000,512,1
45.2990,0,0,100,45.000,512,1
45.3193,0,0,100,45.000,512,1
45.3397,0,0,100,45.000,512,1
45.3601,0,0,100,45.000,512,1
45.3805,0,0,100,45.000,512,1
45.4009,0,0,100,45.000,512,1
45.4212,0,0,100,45.000,512,1
45.4414,0,0,100,45.000,512,1
45.4620,0,0,100,45.000,512,1
45.4829,0,0,100,45.000,512,1
45.5033,0,0,100,45.000,512,1
45.5237,0,0,100,45.000,512,1
45.5446,0,0,100,45.000,512,1
45.5653,0,0,100,45.000,512,1
45.5859,0,0,100,45.000,512,1
45.6061,0,0,100,45.000,512,1
45.6270,0,0,100,45.000,512,1
45.6475,0,0,100,45.000,512,1
45.6681,0,0,100,45.000,512,1
45.6886,0,0,100,45.000,512,1
45.7089,0,0,100,45.000,512,1
45.7292,0,0,100,45.000,512,1
45.7499,0,0,100,45.000,512,1
45.7703,0,0,100,45.000,512,1
45.7905,0,0,100,45.000,512,1
45.8110,0,0,100,45.000,512,1
45.8315,0,0,100,45.000,512,1
45.8521,0,0,100,45.000,512,1
45.8726,0,0,100,45.000,512,1
45.8927,0,0,100,45.000,512,1
45.9137,0,0,100,45.000,512,1
45.9365,0,0,100,45.000,512,1
45.9569,0,0,100,45.000,512,1
45.9780,0,0,100,45.000,512,1
45.9982,0,0,100,45.000,512,1
46.0220,0,0,100,45.000,512,1
46.0428,0,0,100,45.000,512,1
46.0636,0,0,100,45.000,512,1
46.0852,0,0,100,45.000,512,1
46.1072,0,0,100,45.000,512,1
46.1281,0,0,100,45.000,512,1
46.1485,0,0,100,45.000,512,1
46.1690,0,0,100,45.000,512,1
46.1896,0,0,100,45.000,512,1
46.2098,0,0,100,45.000,512,1
46.2301,0,0,100,45.000,512,1
46.2505,0,0,100,45.000,512,1
46.2710,0,0,100,45.000,512,1
46.2931,0,0,100,45.000,512,1
46.3142,0,0,100,45.000,512,1
46.3350,0,0,100,45.000,512,1
46.3557,0,0,100,45.000,512,1
46.3788,0,0,100,45.000,512,1
46.3995,0,0,100,45.000,512,1
46.4212,0,0,100,45.000,512,1
46.4418,0,0,100,45.000,512,1
46.4628,0,0,100,45.000,512,1
46.4873,0,0,100,45.000,512,1
46.5081,0,0,100,45.000,512,1
46.5289,0,0,100,45.000,512,1
46.5494,0,0,100,45.000,512,1
46.5710,0,0,100,45.000,512,1
46.5919,0,0,100,45.000,512,1
46.6121,0,0,100,45.000,512,1
46.6324,0,0,100,45.000,512,1
46.6527,0,0,100,45.000,512,1
46.6732,0,0,100,45.000,512,1
46.6940,0,0,100,45.000,512,1
46.7146,0,0,100,45.000,512,1
46.7368,0,0,100,45.000,512,1
46.7571,0,0,100,45.000,512,1
46.7776,0,0,100,45.000,512,1
46.7984,0,0,100,45.000,512,1
46.8191,0,0,100,45.000,512,1
46.8399,0,0,100,45.000,512,1
46.8605,0,0,100,45.000,512,1
46.8809,0,0,100,45.000,512,1
46.9010,0,0,100,45.000,512,1
46.9216,0,0,100,45.000,512,1
46.9424,0,0,100,45.000,512,1
46.9627,0,0,100,45.000,512,1
46.9831,0,0,100,45.000,512,1
47.0034,0,0,100,45.000,512,1
47.0237,0,0,100,45.000,512,1
47.0438,0,0,100,45.000,512,1
47.0644,0,0,100,45.000,512,1
47.0857,0,0,100,45.000,512,1
47.1077,0,0,100,45.000,512,1
47.1281,0,0,100,45.000,512,1
47.1486,0,0,100,45.000,512,1
47.1691,0,0,100,45.000,512,1
47.1897,0,0,100,45.000,512,1
47.2100,0,0,100,45.000,512,1
47.2310,0,0,100,45.000,512,1
47.2512,0,0,100,45.000,512,1
47.2716,0,0,100,45.000,512,1
47.2927,0,0,100,45.000,512,1
47.3132,0,0,100,45.000,512,1
47.3336,0,0,100,45.000,512,1
47.3539,0,0,100,45.000,512,1
47.3743,0,0,100,45.000,512,1
47.3950,0,0,100,45.000,512,1
47.4154,0,0,100,45.000,512,1
47.4359,0,0,100,45.000,512,1
47.4565,0,0,100,45.000,512,1
47.4775,0,0,100,45.000,512,1
47.4981,0,0,100,45.000,512,1
47.5184,0,0,100,45.000,512,1
47.5389,0,0,100,45.000,512,1
47.5592,0,0,100,45.000,512,1
47.5793,0,0,100,45.000,512,1
47.5996,0,0,100,45.000,512,1
47.6201,0,0,100,45.000,512,1
47.6403,0,0,100,45.000,512,1
47.6607,0,0,100,45.000,512,1
47.6811,0,0,100,45.000,512,1
47.7017,0,0,100,45.000,512,1
47.7219,0,0,100,45.000,512,1
47.7425,0,0,100,45.000,512,1
47.7643,0,0,100,45.000,512,1
47.7849,0,0,100,45.000,512,1
47.8059,0,0,100,45.000,512,1
47.8263,0,0,100,45.000,512,1
47.8476,0,0,100,45.000,512,1
47.8680,0,0,100,45.000,512,1
47.8894,0,0,100,45.000,512,1
47.9099,0,0,100,45.000,512,1
47.9303,0,0,100,45.000,512,1
47.9504,0,0,100,45.000,512,1
47.9707,0,0,100,45.000,512,1
47.9912,0,0,100,45.000,512,1
48.0116,0,0,100,45.000,512,1
48.0323,0,0,100,45.000,512,1
48.0528,0,0,100,45.000,512,1
48.0734,0,0,100,45.000,512,1
48.0937,0,0,100,45.000,512,1
48.1141,0,0,100,45.000,512,1
48.1353,0,0,100,45.000,512,1
48.1557,0,0,100,45.000,512,1
48.1767,0,0,100,45.000,512,1
48.1971,0,0,100,45.000,512,1
48.2176,0,0,100,45.000,512,1
48.2384,0,0,100,45.000,512,1
48.2588,0,0,100,45.000,512,1
48.2793,0,0,100,45.000,512,1
48.2998,0,0,100,45.000,512,1
48.3205,0,0,100,45.000,512,1
48.3413,0,0,100,45.000,512,1
48.3620,0,0,100,45.000,512,1
48.3829,0,0,100,45.000,512,1
48.4032,0,0,100,45.000,512,1
48.4245,0,0,100,45.000,512,1
48.4448,0,0,100,45.000,512,1
48.4653,0,0,100,45.000,512,1
48.4856,0,0,100,45.000,512,1
48.5060,0,0,100,45.000,512,1
48.5261,0,0,100,45.000,512,1
48.5467,0,0,100,45.000,512,1
48.5672,0,0,100,45.000,512,1
48.5874,0,0,100,45.000,512,1
48.6078,0,0,100,45.000,512,1
48.6283,0,0,100,45.000,512,1
48.6485,0,0,100,45.000,512,1
48.6690,0,0,100,45.000,512,1
48.6898,0,0,100,45.000,512,1
48.7105,0,0,100,45.000,512,1
48.7309,0,0,100,45.000,512,1
48.7525,0,0,100,45.000,512,1
48.7735,0,0,100,45.000,512,1
48.7941,0,0,100,45.000,512,1
48.8150,0,0,100,45.000,512,1
48.8356,0,0,100,45.000,512,1
48.8559,0,0,100,45.000,512,1
48.8768,0,0,100,45.000,512,1
48.8973,0,0,100,45.000,512,1
48.9176,0,0,100,45.000,512,1
48.9388,0,0,100,45.000,512,1
48.9594,0,0,100,45.000,512,1
48.9795,0,0,100,45.000,512,1
49.0105,0,0,100,45.000,512,1
49.0328,0,0,100,45.000,512,1
49.0539,0,0,100,45.000,512,1
49.0753,0,0,100,45.000,512,1
49.0961,0,0,100,45.000,512,1
49.1165,0,0,100,45.000,512,1
49.1369,0,0,100,45.000,512,1
49.1577,0,0,100,45.000,512,1
49.1780,0,0,100,45.000,512,1
49.1985,0,0,100,45.000,512,1
49.2186,0,0,100,45.000,512,1
49.2391,0,0,100,45.000,512,1
49.2614,0,0,100,45.000,512,1
49.2817,0,0,100,45.000,512,1
49.3021,0,0,100,45.000,512,1
49.3223,0,0,100,45.000,512,1
49.3431,0,0,100,45.000,512,1
49.3636,0,0,100,45.000,512,1
49.3862,0,0,100,45.000,512,1
49.4066,0,0,100,45.000,512,1
49.4270,0,0,100,45.000,512,1
49.4474,0,0,100,45.000,512,1
49.4676,0,0,100,45.000,512,1
49.4878,0,0,100,45.000,512,1
49.5082,0,0,100,45.000,512,1
49.5285,0,0,100,45.000,512,1
49.5491,0,0,100,45.000,512,1
49.5720,0,0,100,45.000,512,1
49.5930,0,0,100,45.000,512,1
49.6137,0,0,100,45.000,512,1
49.6497,0,0,100,45.000,512,1
49.6737,0,0,100,45.000,512,1
49.6967,0,0,100,45.000,512,1
49.7206,0,0,100,45.000,512,1
49.7476,0,0,100,45.000,512,1
49.7711,0,0,100,45.000,512,1
49.7919,0,0,100,45.000,512,1
49.8133,0,0,100,45.000,512,1
49.8393,0,0,100,45.000,512,1
49.8623,0,0,100,45.000,512,1
49.8870,0,0,100,45.000,512,1
49.9081,0,0,100,45.000,512,1
49.9307,0,0,100,45.000,512,1
49.9512,0,0,100,45.000,512,1
49.9785,0,0,100,45.000,512,1
49.9990,0,0,100,45.000,512,1
50.0208,0,0,100,45.000,512,1
50.0413,0,0,100,45.000,512,1
50.0620,0,0,100,45.000,512,1
50.0872,0,0,100,45.000,512,1
50.1138,0,0,100,45.000,512,1
50.1345,0,0,100,45.000,512,1
50.1549,0,0,100,45.000,512,1
50.1751,0,0,100,45.000,512,1
50.1956,0,0,100,45.000,512,1
50.2297,0,0,100,45.000,512,1
50.2588,0,0,100,45.000,512,1
50.2875,0,0,100,45.000,512,1
50.3083,0,0,100,45.000,512,1
50.3288,0,0,100,45.000,512,1
50.3491,0,0,100,45.000,512,1
50.3697,0,0,100,45.000,512,1
50.4011,0,0,100,45.000,512,1
50.4307,0,0,100,45.000,512,1
50.4549,0,0,100,45.000,512,1
50.4801,0,0,100,45.000,512,1
50.5006,0,0,100,45.000,512,1
50.5211,0,0,100,45.000,512,1
50.5418,0,0,100,45.000,512,1
50.5626,0,0,100,45.000,512,1
50.5836,0,0,100,45.000,512,1
50.6068,0,0,100,45.000,512,1
50.6282,0,0,100,45.000,512,1
50.6485,0,0,100,45.000,512,1
50.6713,0,0,100,45.000,512,1
50.6926,0,0,100,45.000,512,1
50.7128,0,0,100,45.000,512,1
50.7334,0,0,100,45.000,512,1
50.7537,0,0,100,45.000,512,1
50.7752,0,0,100,45.000,512,1
50.7959,0,0,100,45.000,512,1
50.8164,0,0,100,45.000,512,1
50.8379,0,0,100,45.000,512,1
50.8591,0,0,100,45.000,512,1
50.8793,0,0,100,45.000,512,1
50.8998,0,0,100,45.000,512,1
50.9201,0,0,100,45.000,512,1
50.9406,0,0,100,45.000,512,1
50.9619,0,0,100,45.000,512,1
50.9828,0,0,100,45.000,512,1
51.0034,0,0,100,45.000,512,1
51.0238,0,0,100,45.000,512,1
51.0446,0,0,100,45.000,512,1
51.0649,0,0,100,45.000,512,1
51.0863,0,0,100,45.000,512,1
51.1071,0,0,100,45.000,512,1
51.1277,0,0,100,45.000,512,1
51.1487,0,0,100,45.000,512,1
51.1693,0,0,100,45.000,512,1
51.1897,0,0,100,45.000,512,1
51.2116,0,0,100,45.000,512,1
51.2334,0,0,100,45.000,512,1
51.2537,0,0,100,45.000,512,1
51.2739,0,0,100,45.000,512,1
51.2943,0,0,100,45.000,512,1
51.3146,0,0,100,45.000,512,1
51.3350,0,0,100,45.000,512,1
51.3557,0,0,100,45.000,512,1
51.3759,0,0,100,45.000,512,1
51.3964,0,0,100,45.000,512,1
51.4169,0,0,100,45.000,512,1
51.4371,0,0,100,45.000,512,1
51.4574,0,0,100,45.000,512,1
51.4778,0,0,100,45.000,512,1
51.4982,0,0,100,45.000,512,1
51.5188,0,0,100,45.000,512,1
51.5392,0,0,100,45.000,512,1
51.5596,0,0,100,45.000,512,1
51.5800,0,0,100,45.000,512,1
51.6011,0,0,100,45.000,512,1
51.6215,0,0,100,45.000,512,1
51.6419,0,0,100,45.000,512,1
51.6628,0,0,100,45.000,512,1
51.6835,0,0,100,45.000,512,1
51.7037,0,0,100,45.000,512,1
51.7239,0,0,100,45.000,512,1
51.7443,0,0,100,45.000,512,1
51.7649,0,0,100,45.000,512,1
51.7851,0,0,100,45.000,512,1
51.8060,0,0,100,45.000,512,1
51.8266,0,0,100,45.000,512,1
51.8470,0,0,100,45.000,512,1
51.8675,0,0,100,45.000,512,1
51.8878,0,0,100,45.000,512,1
51.9115,0,0,100,45.000,512,1
51.9321,0,0,100,45.000,512,1
51.9531,0,0,100,45.000,512,1
51.9735,0,0,100,45.000,512,1
51.9937,0,0,100,45.000,512,1
52.0141,0,0,100,45.000,512,1
52.0345,0,0,100,45.000,512,1
52.0547,0,0,100,45.000,512,1
52.0752,0,0,100,45.000,512,1
52.0958,0,0,100,45.000,512,1
52.1164,0,0,100,45.000,512,1
52.1366,0,0,100,45.000,512,1
52.1570,0,0,100,45.000,512,1
52.1774,0,0,100,45.000,512,1
52.1978,0,0,100,45.000,512,1
52.2200,0,0,100,45.000,512,1
52.2405,0,0,100,45.000,512,1
52.2609,0,0,100,45.000,512,1
52.2815,0,0,100,45.000,512,1
52.3019,0,0,100,45.000,512,1
52.3231,0,0,100,45.000,512,1
52.3432,0,0,100,45.000,512,1
52.3639,0,0,100,45.000,512,1
52.3850,0,0,100,45.000,512,1
52.4060,0,0,100,45.000,512,1
52.4277,0,0,100,45.000,512,1
52.4489,0,0,100,45.000,512,1
52.4719,0,0,100,45.000,512,1
52.4924,0,0,100,45.000,512,1
52.5127,0,0,100,45.000,512,1
52.5331,0,0,100,45.000,512,1
52.5539,0,0,100,45.000,512,1
52.5748,0,0,100,45.000,512,1
52.5952,0,0,100,45.000,512,1
52.6156,0,0,100,45.000,512,1
52.6359,0,0,100,45.000,512,1
52.6569,0,0,100,45.000,512,1
52.6775,0,0,100,45.000,512,1
52.6979,0,0,100,45.000,512,1
52.7182,0,0,100,45.000,512,1
52.7388,0,0,100,45.000,512,1
52.7589,0,0,100,45.000,512,1
52.7791,0,0,100,45.000,512,1
52.7996,0,0,100,45.000,512,1
52.8213,0,0,100,45.000,512,1
52.8497,0,0,100,45.000,512,1
52.8728,0,0,100,45.000,512,1
52.8938,0,0,100,45.000,512,1
52.9181,0,0,100,45.000,512,1
52.9389,0,0,100,45.000,512,1
52.9591,0,0,100,45.000,512,1
52.9809,0,0,100,45.000,512,1
53.0040,0,0,100,45.000,512,1
53.0247,0,0,100,45.000,512,1
53.0451,0,0,100,45.000,512,1
53.0659,0,0,100,45.000,512,1
53.0861,0,0,100,45.000,512,1
53.1065,0,0,100,45.000,512,1
53.1266,0,0,100,45.000,512,1
53.1470,0,0,100,45.000,512,1
53.1672,0,0,100,45.000,512,1
53.1880,0,0,100,45.000,512,1
53.2084,0,0,100,45.000,512,1
53.2288,0,0,100,45.000,512,1
53.2493,0,0,100,45.000,512,1
53.2698,0,0,100,45.000,512,1
53.2900,0,0,100,45.000,512,1
53.3106,0,0,100,45.000,512,1
53.3322,0,0,100,45.000,512,1
53.3527,0,0,100,45.000,512,1
53.3731,0,0,100,45.000,512,1
53.3936,0,0,100,45.000,512,1
53.4139,0,0,100,45.000,512,1
53.4342,0,0,100,45.000,512,1
53.4547,0,0,100,45.000,512,1
53.4759,0,0,100,45.000,512,1
53.4966,0,0,100,45.000,512,1
53.5174,0,0,100,45.000,512,1
53.5378,0,0,100,45.000,512,1
53.5594,0,0,100,45.000,512,1
53.5808,0,0,100,45.000,512,1
53.6015,0,0,100,45.000,512,1
53.6220,0,0,100,45.000,512,1
53.6423,0,0,100,45.000,512,1
53.6626,0,0,100,45.000,512,1
53.6827,0,0,100,45.000,512,1
53.7031,0,0,100,45.000,512,1
53.7235,0,0,100,45.000,512,1
53.7445,0,0,100,45.000,512,1
53.7654,0,0,100,45.000,512,1
53.7868,0,0,100,45.000,512,1
53.8120,0,0,100,45.000,512,1
53.8324,0,0,100,45.000,512,1
53.8533,0,0,100,45.000,512,1
53.8753,0,0,100,45.000,512,1
53.8957,0,0,100,45.000,512,1
53.9164,0,0,100,45.000,512,1
53.9367,0,0,100,45.000,512,1
53.9570,0,0,100,45.000,512,1
53.9780,0,0,100,45.000,512,1
53.9987,0,0,100,45.000,512,1
54.0192,0,0,100,45.000,512,1
54.0395,0,0,100,45.000,512,1
54.0599,0,0,100,45.000,512,1
54.0801,0,0,100,45.000,512,1
54.1003,0,0,100,45.000,512,1
54.1205,0,0,100,45.000,512,1
54.1414,0,0,100,45.000,512,1
54.1621,0,0,100,45.000,512,1
54.1826,0,0,100,45.000,512,1
54.2029,0,0,100,45.000,512,1
54.2241,0,0,100,45.000,512,1
54.2449,0,0,100,45.000,512,1
54.2654,0,0,100,45.000,512,1
54.2856,0,0,100,45.000,512,1
54.3065,0,0,100,45.000,512,1
54.3268,0,0,100,45.000,512,1
54.3472,0,0,100,45.000,512,1
54.3677,0,0,100,45.000,512,1
54.3882,0,0,100,45.000,512,1
54.4087,0,0,100,45.000,512,1
54.4294,0,0,100,45.000,512,1
54.4500,0,0,100,45.000,512,1
54.4703,0,0,100,45.000,512,1
54.4907,0,0,100,45.000,512,1
54.5111,0,0,100,45.000,512,1
54.5313,0,0,100,45.000,512,1
54.5520,0,0,100,45.000,512,1
54.5851,0,0,100,45.000,512,1
54.6236,0,0,100,45.000,512,1
54.6441,0,0,100,45.000,512,1
54.6647,0,0,100,45.000,512,1
54.6852,0,0,100,45.000,512,1
54.7058,0,0,100,45.000,512,1
54.7262,0,0,100,45.000,512,1
54.7466,0,0,100,45.000,512,1
54.7668,0,0,100,45.000,512,1
54.7876,0,0,100,45.000,512,1
54.8077,0,0,100,45.000,512,1
54.8279,0,0,100,45.000,512,1
54.8484,0,0,100,45.000,512,1
54.8686,0,0,100,45.000,512,1
54.8896,0,0,100,45.000,512,1
54.9101,0,0,100,45.000,512,1
54.9306,0,0,100,45.000,512,1
54.9508,0,0,100,45.000,512,1
54.9714,0,0,100,45.000,512,1
54.9918,0,0,100,45.000,512,1
55.0123,0,0,100,45.000,512,1
55.0328,0,0,100,45.000,512,1
55.0532,0,0,100,45.000,512,1
55.0737,0,0,100,45.000,512,1
55.0939,0,0,100,45.000,512,1
55.1146,0,0,100,45.000,512,1
55.1349,0,0,100,45.000,512,1
55.1552,0,0,100,45.000,512,1
55.1757,0,0,100,45.000,512,1
55.1975,0,0,100,45.000,512,1
55.2180,0,0,100,45.000,512,1
55.2383,0,0,100,45.000,512,1
55.2584,0,0,100,45.000,512,1
55.2788,0,0,100,45.000,512,1
55.2992,0,0,100,45.000,512,1
55.3202,0,0,100,45.000,512,1
55.3414,0,0,100,45.000,512,1
55.3620,0,0,100,45.000,512,1
55.3825,0,0,100,45.000,512,1
55.4030,0,0,100,45.000,512,1
55.4234,0,0,100,45.000,512,1
55.4442,0,0,100,45.000,512,1
55.4647,0,0,100,45.000,512,1
55.4848,0,0,100,45.000,512,1
55.5057,0,0,100,45.000,512,1
55.5266,0,0,100,45.000,512,1
55.5468,0,0,100,45.000,512,1
55.5672,0,0,100,45.000,512,1
55.5882,0,0,100,45.000,512,1
55.6086,0,0,100,45.000,512,1
55.6297,0,0,100,45.000,512,1
55.6504,0,0,100,45.000,512,1
55.6707,0,0,100,45.000,512,1
55.6908,0,0,100,45.000,512,1
55.7110,0,0,100,45.000,512,1
55.7318,0,0,100,45.000,512,1
55.7520,0,0,100,45.000,512,1
55.7725,0,0,100,45.000,512,1
55.7932,0,0,100,45.000,512,1
55.8133,0,0,100,45.000,512,1
55.8339,0,0,100,45.000,512,1
55.8545,0,0,100,45.000,512,1
55.8754,0,0,100,45.000,512,1
55.8960,0,0,100,45.000,512,1
55.9167,0,0,100,45.000,512,1
55.9382,0,0,100,45.000,512,1
55.9584,0,0,100,45.000,512,1
55.9787,0,0,100,45.000,512,1
55.9992,0,0,100,45.000,512,1
56.0194,0,0,100,45.000,512,1
56.0399,0,0,100,45.000,512,1
56.0607,0,0,100,45.000,512,1
56.0821,0,0,100,45.000,512,1
56.1025,0,0,100,45.000,512,1
56.1229,0,0,100,45.000,512,1
56.1432,0,0,100,45.000,512,1
56.1635,0,0,100,45.000,512,1
56.1840,0,0,100,45.000,512,1
56.2042,0,0,100,45.000,512,1
56.2244,0,0,100,45.000,512,1
56.2447,0,0,100,45.000,512,1
56.2650,0,0,100,45.000,512,1
56.2856,0,0,100,45.000,512,1
56.3059,0,0,100,45.000,512,1
56.3263,0,0,100,45.000,512,1
56.3464,0,0,100,45.000,512,1
56.3668,0,0,100,45.000,512,1
56.3871,0,0,100,45.000,512,1
56.4082,0,0,100,45.000,512,1
56.4286,0,0,100,45.000,512,1
56.4495,0,0,100,45.000,512,1
56.4711,0,0,100,45.000,512,1
56.4983,0,0,100,45.000,512,1
56.5219,0,0,100,45.000,512,1
56.5450,0,0,100,45.000,512,1
56.5656,0,0,100,45.000,512,1
56.5884,0,0,100,45.000,512,1
56.6181,0,0,100,45.000,512,1
56.6397,0,0,100,45.000,512,1
56.6740,0,0,100,45.000,512,1
56.6982,0,0,100,45.000,512,1
56.7209,0,0,100,45.000,512,1
56.7418,0,0,100,45.000,512,1
56.7639,0,0,100,45.000,512,1
56.7850,0,0,100,45.000,512,1
56.8059,0,0,100,45.000,512,1
56.8264,0,0,100,45.000,512,1
56.8470,0,0,100,45.000,512,1
56.8681,0,0,100,45.000,512,1
56.8886,0,0,100,45.000,512,1
56.9089,0,0,100,45.000,512,1
56.9306,0,0,100,45.000,512,1
56.9539,0,0,100,45.000,512,1
56.9747,0,0,100,45.000,512,1
56.9959,0,0,100,45.000,512,1
57.0176,0,0,100,45.000,512,1
57.0384,0,0,100,45.000,512,1
57.0649,0,0,100,45.000,512,1
57.0889,0,0,100,45.000,512,1
57.1112,0,0,100,45.000,512,1
57.1327,0,0,100,45.000,512,1
57.1536,0,0,100,45.000,512,1
57.1738,0,0,100,45.000,512,1
57.1964,0,0,100,45.000,512,1
57.2182,0,0,100,45.000,512,1
57.2387,0,0,100,45.000,512,1
57.2591,0,0,100,45.000,512,1
57.2799,0,0,100,45.000,512,1
57.3012,0,0,100,45.000,512,1
57.3217,0,0,100,45.000,512,1
57.3420,0,0,100,45.000,512,1
57.3625,0,0,100,45.000,512,1
57.3829,0,0,100,45.000,512,1
57.4034,0,0,100,45.000,512,1
57.4238,0,0,100,45.000,512,1
57.4440,0,0,100,45.000,512,1
57.4642,0,0,100,45.000,512,1
57.4845,0,0,100,45.000,512,1
57.5050,0,0,100,45.000,512,1
57.5253,0,0,100,45.000,512,1
57.5457,0,0,100,45.000,512,1
57.5662,0,0,100,45.000,512,1
57.5866,0,0,100,45.000,512,1
57.6071,0,0,100,45.000,512,1
57.6274,0,0,100,45.000,512,1
57.6479,0,0,100,45.000,512,1
57.6681,0,0,100,45.000,512,1
57.6883,0,0,100,45.000,512,1
57.7092,0,0,100,45.000,512,1
57.7297,0,0,100,45.000,512,1
57.7506,0,0,100,45.000,512,1
57.7714,0,0,100,45.000,512,1
57.7917,0,0,100,45.000,512,1
57.8126,0,0,100,45.000,512,1
57.8329,0,0,100,45.000,512,1
57.8532,0,0,100,45.000,512,1
57.8735,0,0,100,45.000,512,1
57.8942,0,0,100,45.000,512,1
57.9147,0,0,100,45.000,512,1
57.9350,0,0,100,45.000,512,1
57.9554,0,0,100,45.000,512,1
57.9760,0,0,100,45.000,512,1
57.9964,0,0,100,45.000,512,1
58.0169,0,0,100,45.000,512,1
58.0372,0,0,100,45.000,512,1
58.0576,0,0,100,45.000,512,1
58.0777,0,0,100,45.000,512,1
58.0983,0,0,100,45.000,512,1
58.1187,0,0,100,45.000,512,1
58.1395,0,0,100,45.000,512,1
58.1600,0,0,100,45.000,512,1
58.1804,0,0,100,45.000,512,1
58.2006,0,0,100,45.000,512,1
58.2208,0,0,100,45.000,512,1
58.2414,0,0,100,45.000,512,1
58.2620,0,0,100,45.000,512,1
58.2824,0,0,100,45.000,512,1
58.3042,0,0,100,45.000,512,1
58.3252,0,0,100,45.000,512,1
58.3455,0,0,100,45.000,512,1
58.3660,0,0,100,45.000,512,1
58.3872,0,0,100,45.000,512,1
58.4081,0,0,100,45.000,512,1
58.4300,0,0,100,45.000,512,1
58.4507,0,0,100,45.000,512,1
58.4713,0,0,100,45.000,512,1
58.4915,0,0,100,45.000,512,1
58.5121,0,0,100,45.000,512,1
58.5327,0,0,100,45.000,512,1
58.5529,0,0,100,45.000,512,1
58.5731,0,0,100,45.000,512,1
58.5936,0,0,100,45.000,512,1
58.6140,0,0,100,45.000,512,1
58.6342,0,0,100,45.000,512,1
58.6545,0,0,100,45.000,512,1
58.6833,0,0,100,45.000,512,1
58.7041,0,0,100,45.000,512,1
58.7251,0,0,100,45.000,512,1
58.7453,0,0,100,45.000,512,1
58.7674,0,0,100,45.000,512,1
58.7877,0,0,100,45.000,512,1
58.8080,0,0,100,45.000,512,1
58.8319,0,0,100,45.000,512,1
58.8522,0,0,100,45.000,512,1
58.8734,0,0,100,45.000,512,1
58.8940,0,0,100,45.000,512,1
58.9142,0,0,100,45.000,512,1
58.9356,0,0,100,45.000,512,1
58.9563,0,0,100,45.000,512,1
58.9765,0,0,100,45.000,512,1
58.9986,0,0,100,45.000,512,1
59.0192,0,0,100,45.000,512,1
59.0394,0,0,100,45.000,512,1
59.0597,0,0,100,45.000,512,1
59.0801,0,0,100,45.000,512,1
59.1016,0,0,100,45.000,512,1
59.1224,0,0,100,45.000,512,1
59.1435,0,0,100,45.000,512,1
59.1663,0,0,100,45.000,512,1
59.1895,0,0,100,45.000,512,1
59.2103,0,0,100,45.000,512,1
59.2315,0,0,100,45.000,512,1
59.2522,0,0,100,45.000,512,1
59.2735,0,0,100,45.000,512,1
59.2938,0,0,100,45.000,512,1
59.3140,0,0,100,45.000,512,1
59.3345,0,0,100,45.000,512,1
59.3548,0,0,100,45.000,512,1
59.3753,0,0,100,45.000,512,1
59.3963,0,0,100,45.000,512,1
59.4171,0,0,100,45.000,512,1
59.4376,0,0,100,45.000,512,1
59.4584,0,0,100,45.000,512,1
59.4789,0,0,100,45.000,512,1
59.5003,0,0,100,45.000,512,1
59.5224,0,0,100,45.000,512,1
59.5428,0,0,100,45.000,512,1
59.5632,0,0,100,45.000,512,1
59.5838,0,0,100,45.000,512,1
59.6101,0,0,100,45.000,512,1
59.6311,0,0,100,45.000,512,1
59.6577,0,0,100,45.000,512,1
59.6800,0,0,100,45.000,512,1
59.7015,0,0,100,45.000,512,1
59.7227,0,0,100,45.000,512,1
59.7431,0,0,100,45.000,512,1
59.7643,0,0,100,45.000,512,1
59.7868,0,0,100,45.000,512,1
59.8074,0,0,100,45.000,512,1
59.8286,0,0,100,45.000,512,1
59.8492,0,0,100,45.000,512,1
59.8693,0,0,100,45.000,512,1
59.8897,0,0,100,45.000,512,1
59.9101,0,0,100,45.000,512,1
59.9312,0,0,100,45.000,512,1
59.9522,0,0,100,45.000,512,1
59.9732,0,0,100,45.000,512,1
59.9934,0,0,100,45.000,512,1
60.0138,0,0,100,45.000,512,1
60.0343,0,0,100,45.000,512,1
60.0546,0,0,100,45.000,512,1
60.0771,0,0,100,45.000,512,1
60.0977,0,0,100,45.000,512,1
60.1183,0,0,100,45.000,512,1
60.1386,0,0,100,45.000,512,1
60.1590,0,0,100,45.000,512,1
60.1796,0,0,100,45.000,512,1
60.1999,0,0,100,45.000,512,1
60.2208,0,0,100,45.000,512,1
60.2427,0,0,100,45.000,512,1
60.2639,0,0,100,45.000,512,1
60.2842,0,0,100,45.000,512,1
60.3051,0,0,100,45.000,512,1
60.3262,0,0,100,45.000,512,1
60.3467,0,0,100,45.000,512,1
60.3677,0,0,100,45.000,512,1
60.3890,0,0,100,45.000,512,1
60.4137,0,0,100,45.000,512,1
60.4343,0,0,100,45.000,512,1
60.4547,0,0,100,45.000,512,1
60.4752,0,0,100,45.000,512,1
60.4963,0,0,100,45.000,512,1
60.5171,0,0,100,45.000,512,1
60.5381,0,0,100,45.000,512,1
60.5588,0,0,100,45.000,512,1
60.5791,0,0,100,45.000,512,1
60.5994,0,0,100,45.000,512,1
60.6215,0,0,100,45.000,512,1
60.6423,0,0,100,45.000,512,1
60.6634,0,0,100,45.000,512,1
60.6839,0,0,100,45.000,512,1
60.7041,0,0,100,45.000,512,1
60.7250,0,0,100,45.000,512,1
60.7469,0,0,100,45.000,512,1
60.7692,0,0,100,45.000,512,1
60.7897,0,0,100,45.000,512,1
60.8105,0,0,100,45.000,512,1
60.8310,0,0,100,45.000,512,1
60.8515,0,0,100,45.000,512,1
60.8757,0,0,100,45.000,512,1
60.8972,0,0,100,45.000,512,1
60.9176,0,0,100,45.000,512,1
60.9384,0,0,100,45.000,512,1
60.9588,0,0,100,45.000,512,1
60.9809,0,0,100,45.000,512,1
61.0018,0,0,100,45.000,512,1
61.0319,0,0,100,45.000,512,1
61.0565,0,0,100,45.000,512,1
61.0770,0,0,100,45.000,512,1
61.0982,0,0,100,45.000,512,1
61.1186,0,0,100,45.000,512,1
61.1392,0,0,100,45.000,512,1
61.1598,0,0,100,45.000,512,1
61.1803,0,0,100,45.000,512,1
61.2006,0,0,100,45.000,512,1
61.2212,0,0,100,45.000,512,1
61.2417,0,0,100,45.000,512,1
61.2622,0,0,100,45.000,512,1
61.2827,0,0,100,45.000,512,1
61.3030,0,0,100,45.000,512,1
61.3233,0,0,100,45.000,512,1
61.3438,0,0,100,45.000,512,1
61.3648,0,0,100,45.000,512,1
61.3884,0,0,100,45.000,512,1
61.4096,0,0,100,45.000,512,1
61.4300,0,0,100,45.000,512,1
61.4510,0,0,100,45.000,512,1
61.4712,0,0,100,45.000,512,1
61.4915,0,0,100,45.000,512,1
61.5136,0,0,100,45.000,512,1
61.5350,0,0,100,45.000,512,1
61.5555,0,0,100,45.000,512,1
61.5759,0,0,100,45.000,512,1
61.5963,0,0,100,45.000,512,1
61.6168,0,0,100,45.000,512,1
61.6369,0,0,100,45.000,512,1
61.6572,0,0,100,45.000,512,1
61.6775,0,0,100,45.000,512,1
61.6980,0,0,100,45.000,512,1
61.7183,0,0,100,45.000,512,1
61.7389,0,0,100,45.000,512,1
61.7608,0,0,100,45.000,512,1
61.7895,0,0,100,45.000,512,1
61.8139,0,0,100,45.000,512,1
61.8361,0,0,100,45.000,512,1
61.8581,0,0,100,45.000,512,1
61.8802,0,0,100,45.000,512,1
61.9014,0,0,99,44.550,512,1
61.9226,0,0,99,44.550,511,1
61.9431,0,0,99,44.550,510,1
61.9642,0,0,98,44.100,510,1
61.9850,0,0,98,44.100,510,1
62.0054,0,0,98,44.100,510,1
62.0261,0,0,97,43.650,509,1
62.0464,0,0,97,43.650,509,1
62.0674,0,0,96,43.200,508,1
62.0892,0,0,94,42.300,504,1
62.1102,0,0,93,41.850,504,1
62.1307,0,0,92,41.400,503,1
62.1512,0,0,90,40.500,500,1
62.1715,0,0,88,39.600,496,1
62.1918,0,0,86,38.700,494,1
62.2123,0,0,84,37.800,490,1
62.2334,0,0,81,36.450,475,1
62.2539,0,0,79,35.550,470,1
62.2749,0,0,77,34.650,470,1
62.2971,0,0,74,33.300,464,1
62.3179,0,0,72,32.400,460,1
62.3386,0,0,69,31.050,460,1
62.3591,0,0,66,29.700,456,1
62.3800,0,0,62,27.900,447,1
62.4010,0,0,59,26.550,427,1
62.4222,0,0,54,24.300,421,1
62.4427,0,0,50,22.500,411,1
62.4632,0,0,46,20.700,406,1
62.4836,0,0,42,18.900,396,1
62.5040,0,0,37,16.650,391,1
62.5246,0,0,33,14.850,386,1
62.5451,0,0,30,13.500,375,1
62.5657,0,0,27,12.150,365,1
62.5862,0,0,24,10.800,350,1
62.6066,0,0,21,9.450,340,1
62.6268,0,0,18,8.100,334,1
62.6474,0,0,14,6.300,329,1
62.6679,0,0,12,5.400,319,1
62.6885,0,0,9,4.050,314,1
62.7088,0,0,7,3.150,304,1
62.7302,0,0,5,2.250,299,1
62.7511,0,0,4,1.800,288,1
62.7712,0,0,2,0.900,288,1
62.7918,0,0,1,0.450,273,1
62.8123,0,0,1,0.450,258,1
62.8330,0,0,1,0.450,258,1
62.8534,0,0,1,0.450,247,1
62.8742,0,0,1,0.450,237,1
62.8967,0,0,1,0.450,237,1
62.9177,0,0,1,0.450,222,1
62.9386,0,0,1,0.450,217,1
62.9592,0,0,1,0.450,212,1
62.9796,0,0,0,0.000,201,1
62.9998,0,0,0,0.000,201,1
63.0203,0,0,0,0.000,191,1
63.0408,0,0,0,0.000,181,1
63.0652,0,0,0,0.000,176,1
63.0858,0,0,0,0.000,171,1
63.1065,0,0,0,0.000,165,1
63.1310,0,0,0,0.000,160,1
63.1518,0,0,0,0.000,145,1
63.1724,0,0,0,0.000,135,1
63.1929,0,0,0,0.000,135,1
63.2137,0,0,0,0.000,109,1
63.2343,0,0,0,0.000,109,1
63.2549,0,0,0,0.000,104,1
63.2755,0,0,0,0.000,94,1
63.2960,0,0,0,0.000,89,1
63.3180,0,0,0,0.000,73,1
63.3387,0,0,0,0.000,69,1
63.3591,0,0,0,0.000,62,1
63.3814,0,0,0,0.000,56,1
63.4017,0,0,0,0.000,51,1
63.4222,0,0,0,0.000,44,1
63.4427,0,0,0,0.000,44,1
63.4632,0,0,0,0.000,41,1
63.4834,0,0,0,0.000,39,1
63.5036,0,0,0,0.000,37,1
63.5242,0,0,0,0.000,34,1
63.5445,0,0,0,0.000,30,1
63.5648,0,0,0,0.000,30,1
63.5854,0,0,0,0.000,27,1
63.6058,0,0,0,0.000,27,1
63.6262,0,0,0,0.000,25,1
63.6465,0,0,0,0.000,25,1
63.6672,0,0,0,0.000,22,1
63.6881,0,0,0,0.000,21,1
63.7085,0,0,0,0.000,20,1
63.7297,0,0,0,0.000,17,1
63.7504,0,0,0,0.000,16,1
63.7709,0,0,0,0.000,15,1
63.7913,0,0,0,0.000,15,1
63.8118,0,0,0,0.000,13,1
63.8320,0,0,0,0.000,13,1
63.8523,0,0,0,0.000,11,1
63.8734,0,0,0,0.000,11,1
63.8936,0,0,0,0.000,10,1
63.9146,0,0,0,0.000,9,1
63.9355,0,0,0,0.000,8,1
63.9560,0,0,0,0.000,7,1
63.9765,0,0,0,0.000,7,1
63.9970,0,0,0,0.000,7,1
64.0173,0,0,0,0.000,6,1
64.0396,0,0,0,0.000,5,1
64.0602,0,0,0,0.000,5,1
64.0806,0,0,0,0.000,5,1
64.1023,0,0,0,0.000,4,1
64.1231,0,0,0,0.000,3,1
64.1440,0,0,0,0.000,3,1
64.1641,0,0,0,0.000,3,1
64.1848,0,0,0,0.000,2,1
64.2078,0,0,0,0.000,2,1
64.2281,0,0,0,0.000,2,1
64.2485,0,0,0,0.000,2,1
64.2697,0,0,0,0.000,2,1
64.2901,0,0,0,0.000,2,1
64.3102,0,0,0,0.000,1,1
64.3306,0,0,0,0.000,1,1
64.3515,0,0,0,0.000,1,1
64.3726,0,0,0,0.000,1,1
64.3931,0,0,0,0.000,1,1
64.4142,0,0,0,0.000,1,1
64.4366,0,0,0,0.000,1,1
64.4568,0,0,0,0.000,1,1
64.4835,0,0,0,0.000,1,1
64.5057,0,0,0,0.000,1,1
64.5333,0,0,0,0.000,1,1
64.5567,0,0,0,0.000,1,1
64.5777,0,0,0,0.000,1,1
64.5982,0,0,0,0.000,1,1
64.6191,0,0,0,0.000,1,1
64.6418,0,0,0,0.000,1,1
64.6651,0,0,0,0.000,0,1
64.6883,0,0,0,0.000,0,1
64.7143,0,0,0,0.000,0,1
64.7349,0,0,0,0.000,0,1
64.7559,0,0,0,0.000,0,1
64.7773,0,0,0,0.000,0,1
64.7976,0,0,0,0.000,0,1
64.8184,0,0,0,0.000,0,1
64.8388,0,0,0,0.000,0,1
64.8597,0,0,0,0.000,0,1
64.8807,0,0,0,0.000,0,1
64.9014,0,0,0,0.000,0,1
64.9226,0,0,0,0.000,0,1
64.9429,0,0,0,0.000,0,1
64.9643,0,0,0,0.000,0,1
64.9849,0,0,0,0.000,0,1
65.0084,0,0,0,0.000,0,1
65.0296,0,0,0,0.000,0,1
65.0500,0,0,0,0.000,0,1
65.0703,0,0,0,0.000,0,1
65.0905,0,0,0,0.000,0,1
65.1111,0,0,0,0.000,0,1
65.1320,0,0,0,0.000,0,1
65.1522,0,0,0,0.000,0,1
65.1733,0,0,0,0.000,0,1
65.1936,0,0,0,0.000,0,1
65.2143,0,0,0,0.000,0,1
65.2350,0,0,0,0.000,0,1
65.2554,0,0,0,0.000,0,1
65.2763,0,0,0,0.000,0,1
65.2979,0,0,0,0.000,0,1
65.3185,0,0,0,0.000,0,1
65.3387,0,0,0,0.000,0,1
65.3594,0,0,0,0.000,0,1
65.3799,0,0,0,0.000,0,1
65.4010,0,0,0,0.000,0,1
65.4221,0,0,0,0.000,0,1
65.4424,0,0,0,0.000,0,1
65.4629,0,0,0,0.000,0,1
65.4833,0,0,0,0.000,0,1
65.5036,0,0,0,0.000,0,1
65.5241,0,0,0,0.000,0,1
65.5466,0,0,0,0.000,0,1
65.5673,0,0,0,0.000,0,1
65.5891,0,0,0,0.000,0,1
65.6099,0,0,0,0.000,0,1
65.6301,0,0,0,0.000,0,1
65.6506,0,0,0,0.000,0,1
65.6719,0,0,0,0.000,0,1
65.6925,0,0,0,0.000,0,1
65.7131,0,0,0,0.000,0,1
65.7337,0,0,0,0.000,0,1
65.7539,0,0,0,0.000,0,1
65.7745,0,0,0,0.000,0,1
65.7950,0,0,0,0.000,0,1
65.8156,0,0,0,0.000,0,1
65.8360,0,0,0,0.000,0,1
65.8562,0,0,0,0.000,0,1
65.8765,0,0,0,0.000,0,1
65.8980,0,0,0,0.000,0,1
65.9188,0,0,0,0.000,0,1
65.9393,0,0,0,0.000,0,1
65.9607,0,0,0,0.000,0,1
65.9811,0,0,0,0.000,0,1
66.0014,0,0,0,0.000,0,1
66.0228,0,0,0,0.000,0,1
66.0434,0,0,0,0.000,0,1
66.0635,0,0,0,0.000,0,1
66.0838,0,0,0,0.000,0,1
66.1040,0,0,0,0.000,0,1
66.1246,0,0,0,0.000,0,1
66.1449,0,0,0,0.000,0,1
66.1656,0,0,0,0.000,0,1
66.1858,0,0,0,0.000,0,1
66.2062,0,0,0,0.000,0,1
66.2264,0,0,0,0.000,0,1
66.2471,0,0,0,0.000,0,1
66.2676,0,0,0,0.000,0,1
66.2889,0,0,0,0.000,0,1
66.3095,0,0,0,0.000,0,1
66.3298,0,0,0,0.000,0,1
66.3514,0,0,0,0.000,0,1
66.3737,0,0,0,0.000,0,1
66.3976,0,0,0,0.000,0,1
66.4235,0,0,0,0.000,0,1
66.4504,0,0,0,0.000,0,1
66.4710,0,0,0,0.000,0,1
66.4932,0,0,0,0.000,0,1
66.5179,0,0,0,0.000,0,1
66.5424,0,0,0,0.000,0,1
66.5674,0,0,0,0.000,0,1
66.5934,0,0,0,0.000,0,1
66.6266,0,0,0,0.000,0,1
66.6507,0,0,0,0.000,0,1
66.6744,0,0,0,0.000,0,1
66.7002,0,0,0,0.000,0,1
66.7208,0,0,0,0.000,0,1
66.7455,0,0,0,0.000,0,1
66.7677,0,0,0,0.000,0,1
66.7909,0,0,0,0.000,0,1
66.8152,0,0,0,0.000,0,1
66.8419,0,0,0,0.000,0,1
66.8670,0,0,0,0.000,0,1
66.8875,0,0,0,0.000,0,1
66.9082,0,0,0,0.000,0,1
66.9285,0,0,0,0.000,0,1
66.9490,0,0,0,0.000,0,1
66.9695,0,0,0,0.000,0,1
66.9899,0,0,0,0.000,0,1
67.0107,0,0,0,0.000,0,1
67.0333,0,0,0,0.000,0,1
67.0565,0,0,0,0.000,0,1
67.0829,0,0,0,0.000,0,1
67.1070,0,0,0,0.000,0,1
67.1278,0,0,0,0.000,0,1
67.1490,0,0,0,0.000,0,1
67.1697,0,0,0,0.000,0,1
67.1902,0,0,0,0.000,0,1
67.2106,0,0,0,0.000,0,1
67.2310,0,0,0,0.000,0,1
67.2516,0,0,0,0.000,0,1
67.2719,0,0,0,0.000,0,1
67.2924,0,0,0,0.000,0,1
67.3127,0,0,0,0.000,0,1
67.3331,0,0,0,0.000,0,1
67.3537,0,0,0,0.000,0,1
67.3752,0,0,0,0.000,0,1
67.3980,0,0,0,0.000,0,1
67.4189,0,0,0,0.000,0,1
67.4392,0,0,0,0.000,0,1
67.4598,0,0,0,0.000,0,1
67.4807,0,0,0,0.000,0,1
67.5019,0,0,0,0.000,0,1
67.5223,0,0,0,0.000,0,1
67.5427,0,0,0,0.000,0,1
67.5631,0,0,0,0.000,0,1
67.5833,0,0,0,0.000,0,1
67.6037,0,0,0,0.000,0,1
67.6242,0,0,0,0.000,0,1
67.6445,0,0,0,0.000,0,1
67.6664,0,0,0,0.000,0,1
67.6907,0,0,0,0.000,0,1
67.7115,0,0,0,0.000,0,1
67.7321,0,0,0,0.000,0,1
67.7527,0,0,0,0.000,0,1
67.7744,0,0,0,0.000,0,1
67.7951,0,0,0,0.000,0,1
67.8155,0,0,0,0.000,0,1
67.8358,0,0,0,0.000,0,1
67.8563,0,0,0,0.000,0,1
67.8770,0,0,0,0.000,0,1
67.8977,0,0,0,0.000,0,1
67.9185,0,0,0,0.000,0,1
67.9405,0,0,0,0.000,0,1
67.9660,0,0,0,0.000,0,1
67.9863,0,0,0,0.000,0,1
68.0074,0,0,0,0.000,0,1
68.0280,0,0,0,0.000,0,1
68.0481,0,0,0,0.000,0,1
68.0686,0,0,0,0.000,0,1
68.0892,0,0,0,0.000,0,1
68.1095,0,0,0,0.000,0,1
68.1297,0,0,0,0.000,0,1
68.1502,0,0,0,0.000,0,1
68.1706,0,0,0,0.000,0,1
68.1909,0,0,0,0.000,0,1
68.2114,0,0,0,0.000,0,1
68.2326,0,0,0,0.000,0,1
68.2537,0,0,0,0.000,0,1
68.2745,0,0,0,0.000,0,1
68.2977,0,0,0,0.000,0,1
68.3188,0,0,0,0.000,0,1
68.3397,0,0,0,0.000,0,1
68.3603,0,0,0,0.000,0,1
68.3814,0,0,0,0.000,0,1
68.4019,0,0,0,0.000,0,1
68.4221,0,0,0,0.000,0,1
68.4427,0,0,0,0.000,0,1
68.4633,0,0,0,0.000,0,1
68.4839,0,0,0,0.000,0,1
68.5042,0,0,0,0.000,0,1
68.5245,0,0,0,0.000,0,1
68.5447,0,0,0,0.000,0,1
68.5653,0,0,0,0.000,0,1
68.5859,0,0,0,0.000,0,1
68.6062,0,0,0,0.000,0,1
68.6267,0,0,0,0.000,0,1
68.6470,0,0,0,0.000,0,1
68.6684,0,0,0,0.000,0,1
68.6889,0,0,0,0.000,0,1
68.7103,0,0,0,0.000,0,1
68.7304,0,0,0,0.000,0,1
68.7511,0,0,0,0.000,0,1
68.7722,0,0,0,0.000,0,1
68.7929,0,0,0,0.000,0,1
68.8134,0,0,0,0.000,0,1
68.8339,0,0,0,0.000,0,1
68.8542,0,0,0,0.000,0,1
68.8745,0,0,0,0.000,0,1
68.8950,0,0,0,0.000,0,1
68.9154,0,0,0,0.000,0,1
68.9359,0,0,0,0.000,0,1
68.9564,0,0,0,0.000,0,1
68.9767,0,0,0,0.000,0,1
68.9973,0,0,0,0.000,0,1
69.0177,0,0,0,0.000,0,1
69.0382,0,0,0,0.000,0,1
69.0587,0,0,0,0.000,0,1
69.0790,0,0,0,0.000,0,1
69.0995,0,0,0,0.000,0,1
69.1199,0,0,0,0.000,0,1
69.1402,0,0,0,0.000,0,1
69.1606,0,0,0,0.000,0,1
69.1814,0,0,0,0.000,0,1
69.2016,0,0,0,0.000,0,1
69.2227,0,0,0,0.000,0,1
69.2437,0,0,0,0.000,0,1
69.2640,0,0,0,0.000,0,1
69.2845,0,0,0,0.000,0,1
69.3050,0,0,0,0.000,0,1
69.3256,0,0,0,0.000,0,1
69.3460,0,0,0,0.000,0,1
69.3664,0,0,0,0.000,0,1
69.3892,0,0,0,0.000,0,1
69.4101,0,0,0,0.000,0,1
69.4363,0,0,0,0.000,0,1
69.4597,0,0,0,0.000,0,1
69.4818,0,0,0,0.000,0,1
69.5026,0,0,0,0.000,0,1
69.5230,0,0,0,0.000,0,1
69.5442,0,0,0,0.000,0,1
69.5648,0,0,0,0.000,0,1
69.5854,0,0,0,0.000,0,1
69.6057,0,0,0,0.000,0,1
69.6269,0,0,0,0.000,0,1
69.6474,0,0,0,0.000,0,1
69.6684,0,0,0,0.000,0,1
69.6891,0,0,0,0.000,0,1
69.7094,0,0,0,0.000,0,1
69.7313,0,0,0,0.000,0,1
69.7520,0,0,0,0.000,0,1
69.7724,0,0,0,0.000,0,1
69.7929,0,0,0,0.000,0,1
69.8135,0,0,0,0.000,0,1
69.8338,0,0,0,0.000,0,1
69.8562,0,0,0,0.000,0,1
69.8770,0,0,0,0.000,0,1
69.8988,0,0,0,0.000,0,1
69.9195,0,0,0,0.000,0,1
69.9401,0,0,0,0.000,0,1
69.9604,0,0,0,0.000,0,1
69.9808,0,0,0,0.000,0,1
70.0011,0,0,0,0.000,0,1
70.0215,0,0,0,0.000,0,1
70.0420,0,0,0,0.000,0,1
70.0625,0,0,0,0.000,0,1
70.0854,0,0,0,0.000,0,1
70.1057,0,0,0,0.000,0,1
70.1261,0,0,0,0.000,0,1
70.1495,0,0,0,0.000,0,1
70.1705,0,0,0,0.000,0,1
70.1910,0,0,0,0.000,0,1
70.2113,0,0,0,0.000,0,1
70.2325,0,0,0,0.000,0,1
70.2529,0,0,0,0.000,0,1
70.2754,0,0,0,0.000,0,1
70.3049,0,0,0,0.000,0,1
70.3272,0,0,0,0.000,0,1
70.3479,0,0,0,0.000,0,1
70.3691,0,0,0,0.000,0,1
70.3892,0,0,0,0.000,0,1
70.4096,0,0,0,0.000,0,1
70.4297,0,0,0,0.000,0,1
70.4506,0,0,0,0.000,0,1
70.4710,0,0,0,0.000,0,1
70.4915,0,0,0,0.000,0,1
70.5120,0,0,0,0.000,0,1
70.5322,0,0,0,0.000,0,1
70.5525,0,0,0,0.000,0,1
70.5731,0,0,0,0.000,0,1
70.5935,0,0,0,0.000,0,1
70.6138,0,0,0,0.000,0,1
70.6343,0,0,0,0.000,0,1
70.6544,0,0,0,0.000,0,1
70.6750,0,0,0,0.000,0,1
70.6955,0,0,0,0.000,0,1
70.7161,0,0,0,0.000,0,1
70.7369,0,0,0,0.000,0,1
70.7574,0,0,0,0.000,0,1
70.7780,0,0,0,0.000,0,1
70.7983,0,0,0,0.000,0,1
70.8187,0,0,0,0.000,0,1
70.8399,0,0,0,0.000,0,1
70.8605,0,0,0,0.000,0,1
70.8812,0,0,0,0.000,0,1
70.9019,0,0,0,0.000,0,1
70.9224,0,0,0,0.000,0,1
70.9430,0,0,0,0.000,0,1
70.9635,0,0,0,0.000,0,1
70.9838,0,0,0,0.000,0,1
71.0043,0,0,0,0.000,0,1
71.0249,0,0,0,0.000,0,1
71.0455,0,0,0,0.000,0,1
71.0656,0,0,0,0.000,0,1
71.0867,0,0,0,0.000,0,1
71.1070,0,0,0,0.000,0,1
71.1274,0,0,0,0.000,0,1
71.1479,0,0,0,0.000,0,1
71.1684,0,0,0,0.000,0,1
71.1886,0,0,0,0.000,0,1
71.2090,0,0,0,0.000,0,1
71.2294,0,0,0,0.000,0,1
71.2501,0,0,0,0.000,0,1
71.2730,0,0,0,0.000,0,1
71.2945,0,0,0,0.000,0,1
71.3151,0,0,0,0.000,0,1
71.3360,0,0,0,0.000,0,1
71.3573,0,0,0,0.000,0,1
71.3779,0,0,0,0.000,0,1
71.3993,0,0,0,0.000,0,1
71.4196,0,0,0,0.000,0,1
71.4404,0,0,0,0.000,0,1
71.4610,0,0,0,0.000,0,1
71.4813,0,0,0,0.000,0,1
71.5026,0,0,0,0.000,0,1
71.5237,0,0,0,0.000,0,1
71.5440,0,0,0,0.000,0,1
71.5643,0,0,0,0.000,0,1
71.5845,0,0,0,0.000,0,1
71.6048,0,0,0,0.000,0,1
71.6249,0,0,0,0.000,0,1
71.6452,0,0,0,0.000,0,1
71.6655,0,0,0,0.000,0,1
71.6861,0,0,0,0.000,0,1
71.7063,0,0,0,0.000,0,1
71.7268,0,0,0,0.000,0,1
71.7478,0,0,0,0.000,0,1
71.7683,0,0,0,0.000,0,1
71.7888,0,0,0,0.000,0,1
71.8092,0,0,0,0.000,0,1
71.8298,0,0,0,0.000,0,1
71.8500,0,0,0,0.000,0,1
71.8703,0,0,0,0.000,0,1
71.8911,0,0,0,0.000,0,1
71.9121,0,0,0,0.000,0,1
71.9327,0,0,0,0.000,0,1
71.9528,0,0,0,0.000,0,1
71.9742,0,0,0,0.000,0,1
71.9950,0,0,0,0.000,0,1
72.0156,0,0,0,0.000,0,1
72.0358,0,0,0,0.000,0,1
72.0560,0,0,0,0.000,0,1
72.0763,0,0,0,0.000,0,1
72.0968,0,0,0,0.000,0,1
72.1172,0,0,0,0.000,0,1
72.1377,0,0,0,0.000,0,1
72.1585,0,0,0,0.000,0,1
72.1792,0,0,0,0.000,0,1
72.1997,0,0,0,0.000,0,1
72.2201,0,0,0,0.000,0,1
72.2406,0,0,0,0.000,0,1
72.2618,0,0,0,0.000,0,1
72.2821,0,0,0,0.000,0,1
72.3024,0,0,0,0.000,0,1
72.3226,0,0,0,0.000,0,1
72.3433,0,0,0,0.000,0,1
72.3652,0,0,0,0.000,0,1
72.3879,0,0,0,0.000,0,1
72.4082,0,0,0,0.000,0,1
72.4296,0,0,0,0.000,0,1
72.4501,0,0,0,0.000,0,1
72.4706,0,0,0,0.000,0,1
72.4909,0,0,0,0.000,0,1
72.5112,0,0,0,0.000,0,1
72.5320,0,0,0,0.000,0,1
72.5527,0,0,0,0.000,0,1
72.5731,0,0,0,0.000,0,1
72.5939,0,0,0,0.000,0,1
72.6143,0,0,0,0.000,0,1
72.6349,0,0,0,0.000,0,1
72.6552,0,0,0,0.000,0,1
72.6753,0,0,0,0.000,0,1
72.6960,0,0,0,0.000,0,1
72.7167,0,0,0,0.000,0,1
72.7372,0,0,0,0.000,0,1
72.7577,0,0,0,0.000,0,1
72.7824,0,0,0,0.000,0,1
72.8088,0,0,0,0.000,0,1
72.8362,0,0,0,0.000,0,1
72.8929,0,0,0,0.000,0,1
72.9265,0,0,0,0.000,0,1
72.9597,0,0,0,0.000,0,1
72.9844,0,0,0,0.000,0,1
73.0087,0,0,0,0.000,0,1
73.0333,0,0,0,0.000,0,1
73.0570,0,0,0,0.000,0,1
73.0775,0,0,0,0.000,0,1
73.0997,0,0,0,0.000,0,1
73.1230,0,0,0,0.000,0,1
73.1439,0,0,0,0.000,0,1
73.1644,0,0,0,0.000,0,1
73.1849,0,0,0,0.000,0,1
73.2055,0,0,0,0.000,0,1
73.2257,0,0,0,0.000,0,1
73.2462,0,0,0,0.000,0,1
73.2666,0,0,0,0.000,0,1
73.2870,0,0,0,0.000,0,1
73.3096,0,0,0,0.000,0,1
73.3328,0,0,0,0.000,0,1
73.3576,0,0,0,0.000,0,1
73.3788,0,0,0,0.000,0,1
73.4013,0,0,0,0.000,0,1
73.4272,0,0,0,0.000,0,1
73.4593,0,0,0,0.000,0,1
73.4846,0,0,0,0.000,0,1
73.5104,0,0,0,0.000,0,1
73.5322,0,0,0,0.000,0,1
73.5527,0,0,0,0.000,0,1
73.5729,0,0,0,0.000,0,1
73.5940,0,0,0,0.000,0,1
73.6153,0,0,0,0.000,0,1
73.6359,0,0,0,0.000,0,1
73.6562,0,0,0,0.000,0,1
73.6771,0,0,0,0.000,0,1
73.6980,0,0,0,0.000,0,1
73.7185,0,0,0,0.000,0,1
73.7460,0,0,0,0.000,0,1
73.7669,0,0,0,0.000,0,1
73.7914,0,0,0,0.000,0,1
73.8172,0,0,0,0.000,0,1
73.8439,0,0,0,0.000,0,1
73.8661,0,0,0,0.000,0,1
73.8872,0,0,0,0.000,0,1
73.9085,0,0,0,0.000,0,1
73.9296,0,0,0,0.000,0,1
73.9501,0,0,0,0.000,0,1
73.9705,0,0,0,0.000,0,1
73.9913,0,0,0,0.000,0,1
74.0116,0,0,0,0.000,0,1
74.0318,0,0,0,0.000,0,1
74.0529,0,0,0,0.000,0,1
74.0733,0,0,0,0.000,0,1
74.0940,0,0,0,0.000,0,1
74.1179,0,0,0,0.000,0,1
74.1460,0,0,0,0.000,0,1
74.1667,0,0,0,0.000,0,1
74.1880,0,0,0,0.000,0,1
74.2085,0,0,0,0.000,0,1
74.2299,0,0,0,0.000,0,1
74.2504,0,0,0,0.000,0,1
74.2712,0,0,0,0.000,0,1
74.2915,0,0,0,0.000,0,1
74.3119,0,0,0,0.000,0,1
74.3320,0,0,0,0.000,0,1
74.3529,0,0,0,0.000,0,1
74.3732,0,0,0,0.000,0,1
74.3941,0,0,0,0.000,0,1
74.4168,0,0,0,0.000,0,1
74.4373,0,0,0,0.000,0,1
74.4584,0,0,0,0.000,0,1
74.4813,0,0,0,0.000,0,1
74.5021,0,0,0,0.000,0,1
74.5224,0,0,0,0.000,0,1
74.5429,0,0,0,0.000,0,1
74.5632,0,0,0,0.000,0,1
74.5836,0,0,0,0.000,0,1
74.6044,0,0,0,0.000,0,1
74.6250,0,0,0,0.000,0,1
74.6455,0,0,0,0.000,0,1
74.6667,0,0,0,0.000,0,1
74.6921,0,0,0,0.000,0,1
74.7191,0,0,0,0.000,0,1
74.7423,0,0,0,0.000,0,1
74.7633,0,0,0,0.000,0,1
74.7840,0,0,0,0.000,0,1
74.8053,0,0,0,0.000,0,1
74.8258,0,0,0,0.000,0,1
74.8462,0,0,0,0.000,0,1
74.8669,0,0,0,0.000,0,1
74.8877,0,0,0,0.000,0,1
74.9079,0,0,0,0.000,0,1
74.9284,0,0,0,0.000,0,1
74.9487,0,0,0,0.000,0,1
74.9692,0,0,0,0.000,0,1
74.9908,0,0,0,0.000,0,1
75.0112,0,0,0,0.000,0,1
75.0329,0,0,0,0.000,0,1
75.0533,0,0,0,0.000,0,1
75.0744,0,0,0,0.000,0,1
75.0956,0,0,0,0.000,0,1
